Copyright 1986-2022 Xilinx, Inc. All Rights Reserved. Copyright 2022-2026 Advanced Micro Devices, Inc. All Rights Reserved.
---------------------------------------------------------------------------------------------------------------------------------------------
| Tool Version : Vivado v.2025.2.1 (win64) Build 6403652 Thu Mar 19 19:48:24 GMT 2026
| Date         : Mon Sep 14 11:22:01 2026
| Host         : Uie-laptop running 64-bit major release  (build 9200)
| Command      : report_timing_summary -file D:/Xilinx/Prj/video_pl/zynq_video_pipeline/output/timing_summary.rpt
| Design       : system_top
| Device       : 7z020-clg484
| Speed File   : -2  PRODUCTION 1.12 2019-11-22
| Design State : Routed
---------------------------------------------------------------------------------------------------------------------------------------------

Timing Summary Report

------------------------------------------------------------------------------------------------
| Timer Settings
| --------------
------------------------------------------------------------------------------------------------

  Enable Multi Corner Analysis               :  Yes
  Enable Pessimism Removal                   :  Yes
  Pessimism Removal Resolution               :  Nearest Common Node
  Enable Input Delay Default Clock           :  No
  Enable Preset / Clear Arcs                 :  No
  Disable Flight Delays                      :  No
  Ignore I/O Paths                           :  No
  Timing Early Launch at Borrowing Latches   :  No
  Borrow Time for Max Delay Exceptions       :  Yes
  Merge Timing Exceptions                    :  Yes
  Inter-SLR Compensation                     :  Conservative

  Corner  Analyze    Analyze    
  Name    Max Paths  Min Paths  
  ------  ---------  ---------  
  Slow    Yes        Yes        
  Fast    Yes        Yes        


------------------------------------------------------------------------------------------------
| Report Methodology
| ------------------
------------------------------------------------------------------------------------------------

Rule       Severity          Description                                                Violations  
---------  ----------------  ---------------------------------------------------------  ----------  
TIMING-6   Critical Warning  No common primary clock between related clocks             3           
TIMING-7   Critical Warning  No common node between related clocks                      3           
LUTAR-1    Warning           LUT drives async reset alert                               1           
SYNTH-5    Warning           Mapped onto distributed RAM because of timing constraints  48          
SYNTH-6    Warning           Timing of a RAM block might be sub-optimal                 52          
TIMING-9   Warning           Unknown CDC Logic                                          1           
TIMING-10  Warning           Missing property on synchronizer                           1           
TIMING-16  Warning           Large setup violation                                      17          
TIMING-18  Warning           Missing input or output delay                              7           
ULMTCS-2   Warning           Control Sets use limits require reduction                  1           

Note: This report is based on the most recent report_methodology run and may not be up-to-date. Run report_methodology on the current design for the latest report.



check_timing report

Table of Contents
-----------------
1. checking no_clock (0)
2. checking constant_clock (0)
3. checking pulse_width_clock (0)
4. checking unconstrained_internal_endpoints (0)
5. checking no_input_delay (7)
6. checking no_output_delay (12)
7. checking multiple_clock (0)
8. checking generated_clocks (0)
9. checking loops (0)
10. checking partial_input_delay (0)
11. checking partial_output_delay (0)
12. checking latch_loops (0)

1. checking no_clock (0)
------------------------
 There are 0 register/latch pins with no clock.


2. checking constant_clock (0)
------------------------------
 There are 0 register/latch pins with constant_clock.


3. checking pulse_width_clock (0)
---------------------------------
 There are 0 register/latch pins which need pulse_width check


4. checking unconstrained_internal_endpoints (0)
------------------------------------------------
 There are 0 pins that are not constrained for maximum delay.

 There are 0 pins that are not constrained for maximum delay due to constant clock.


5. checking no_input_delay (7)
------------------------------
 There are 5 input ports with no input delay specified. (HIGH)

 There are 2 input ports with no input delay but user has a false path constraint. (MEDIUM)


6. checking no_output_delay (12)
--------------------------------
 There are 6 ports with no output delay specified. (HIGH)

 There are 6 ports with no output delay but user has a false path constraint (MEDIUM)

 There are 0 ports with no output delay but with a timing clock defined on it or propagating through it


7. checking multiple_clock (0)
------------------------------
 There are 0 register/latch pins with multiple clocks.


8. checking generated_clocks (0)
--------------------------------
 There are 0 generated clocks that are not connected to a clock source.


9. checking loops (0)
---------------------
 There are 0 combinational loops in the design.


10. checking partial_input_delay (0)
------------------------------------
 There are 0 input ports with partial input delay specified.


11. checking partial_output_delay (0)
-------------------------------------
 There are 0 ports with partial output delay specified.


12. checking latch_loops (0)
----------------------------
 There are 0 combinational latch loops in the design through latch input



------------------------------------------------------------------------------------------------
| Design Timing Summary
| ---------------------
------------------------------------------------------------------------------------------------

    WNS(ns)      TNS(ns)  TNS Failing Endpoints  TNS Total Endpoints      WHS(ns)      THS(ns)  THS Failing Endpoints  THS Total Endpoints     WPWS(ns)     TPWS(ns)  TPWS Failing Endpoints  TPWS Total Endpoints  
    -------      -------  ---------------------  -------------------      -------      -------  ---------------------  -------------------     --------     --------  ----------------------  --------------------  
     -6.158     -107.100                     32                53820        0.055        0.000                      0                53820        0.264        0.000                       0                 25008  


Timing constraints are not met.


------------------------------------------------------------------------------------------------
| Clock Summary
| -------------
------------------------------------------------------------------------------------------------

Clock         Waveform(ns)         Period(ns)      Frequency(MHz)
-----         ------------         ----------      --------------
clk_fpga_0    {0.000 5.000}        10.000          100.000         
eth_rxc       {0.000 4.000}        8.000           125.000         
sys_clk       {0.000 10.000}       20.000          50.000          
  clkfbout    {0.000 10.000}       20.000          50.000          
  clkfbout_1  {0.000 10.000}       20.000          50.000          
  clkout0_1   {0.000 10.000}       20.000          50.000          
  clkout1_1   {0.000 2.000}        4.000           250.000         
  clkout2     {0.000 2.500}        5.000           200.000         


------------------------------------------------------------------------------------------------
| Intra Clock Table
| -----------------
------------------------------------------------------------------------------------------------

Clock             WNS(ns)      TNS(ns)  TNS Failing Endpoints  TNS Total Endpoints      WHS(ns)      THS(ns)  THS Failing Endpoints  THS Total Endpoints     WPWS(ns)     TPWS(ns)  TPWS Failing Endpoints  TPWS Total Endpoints  
-----             -------      -------  ---------------------  -------------------      -------      -------  ---------------------  -------------------     --------     --------  ----------------------  --------------------  
clk_fpga_0          1.992        0.000                      0                 3967        0.066        0.000                      0                 3967        3.870        0.000                       0                  1270  
eth_rxc             0.243        0.000                      0                45004        0.066        0.000                      0                45004        3.500        0.000                       0                 22552  
sys_clk            15.018        0.000                      0                  199        0.184        0.000                      0                  199        7.000        0.000                       0                   156  
  clkfbout                                                                                                                                                     18.408        0.000                       0                     3  
  clkfbout_1                                                                                                                                                   18.408        0.000                       0                     3  
  clkout0_1         1.473        0.000                      0                 4599        0.055        0.000                      0                 4599        8.870        0.000                       0                  1011  
  clkout1_1                                                                                                                                                     2.408        0.000                       0                    10  
  clkout2                                                                                                                                                       0.264        0.000                       0                     3  


------------------------------------------------------------------------------------------------
| Inter Clock Table
| -----------------
------------------------------------------------------------------------------------------------

From Clock    To Clock          WNS(ns)      TNS(ns)  TNS Failing Endpoints  TNS Total Endpoints      WHS(ns)      THS(ns)  THS Failing Endpoints  THS Total Endpoints  
----------    --------          -------      -------  ---------------------  -------------------      -------      -------  ---------------------  -------------------  
clkout0_1     clk_fpga_0          6.252        0.000                      0                    1        0.235        0.000                      0                    1  
clkout0_1     sys_clk            18.143        0.000                      0                    1        0.071        0.000                      0                    1  
clk_fpga_0    clkout0_1           1.073        0.000                      0                   46        0.172        0.000                      0                   46  
eth_rxc       clkout0_1          -6.158     -107.100                     32                   33        0.403        0.000                      0                   33  
sys_clk       clkout0_1           7.046        0.000                      0                 1582        0.507        0.000                      0                 1582  


------------------------------------------------------------------------------------------------
| Other Path Groups Table
| -----------------------
------------------------------------------------------------------------------------------------

Path Group    From Clock    To Clock          WNS(ns)      TNS(ns)  TNS Failing Endpoints  TNS Total Endpoints      WHS(ns)      THS(ns)  THS Failing Endpoints  THS Total Endpoints  
----------    ----------    --------          -------      -------  ---------------------  -------------------      -------      -------  ---------------------  -------------------  


------------------------------------------------------------------------------------------------
| Timing Details
| --------------
------------------------------------------------------------------------------------------------


---------------------------------------------------------------------------------------------------
From Clock:  clk_fpga_0
  To Clock:  clk_fpga_0

Setup :            0  Failing Endpoints,  Worst Slack        1.992ns,  Total Violation        0.000ns
Hold  :            0  Failing Endpoints,  Worst Slack        0.066ns,  Total Violation        0.000ns
PW    :            0  Failing Endpoints,  Worst Slack        3.870ns,  Total Violation        0.000ns
---------------------------------------------------------------------------------------------------


Max Delay Paths
--------------------------------------------------------------------------------------
Slack (MET) :             1.992ns  (required time - arrival time)
  Source:                 u_eth/u_cdc/rbin_reg[1]/C
                            (rising edge-triggered cell FDCE clocked by clk_fpga_0  {rise@0.000ns fall@5.000ns period=10.000ns})
  Destination:            u_eth/u_cdc/rd_data_reg[33]/D
                            (rising edge-triggered cell FDCE clocked by clk_fpga_0  {rise@0.000ns fall@5.000ns period=10.000ns})
  Path Group:             clk_fpga_0
  Path Type:              Setup (Max at Slow Process Corner)
  Requirement:            10.000ns  (clk_fpga_0 rise@10.000ns - clk_fpga_0 rise@0.000ns)
  Data Path Delay:        7.566ns  (logic 1.009ns (13.336%)  route 6.557ns (86.664%))
  Logic Levels:           4  (LUT6=2 MUXF7=1 MUXF8=1)
  Clock Path Skew:        -0.318ns (DCD - SCD + CPR)
    Destination Clock Delay (DCD):    2.208ns = ( 12.208 - 10.000 ) 
    Source Clock Delay      (SCD):    2.634ns
    Clock Pessimism Removal (CPR):    0.109ns
  Clock Uncertainty:      0.154ns  ((TSJ^2 + TIJ^2)^1/2 + DJ) / 2 + PE
    Total System Jitter     (TSJ):    0.071ns
    Total Input Jitter      (TIJ):    0.300ns
    Discrete Jitter          (DJ):    0.000ns
    Phase Error              (PE):    0.000ns

    Location             Delay type                Incr(ns)  Path(ns)    Netlist Resource(s)
  -------------------------------------------------------------------    -------------------
                         (clock clk_fpga_0 rise edge)
                                                      0.000     0.000 r  
    PS7_X0Y0             PS7                          0.000     0.000 r  u_bd/design_1_i/processing_system7_0/inst/PS7_i/FCLKCLK[0]
                         net (fo=1, routed)           0.994     0.994    u_bd/design_1_i/processing_system7_0/inst/FCLK_CLK_unbuffered[0]
    BUFGCTRL_X0Y16       BUFG (Prop_bufg_I_O)         0.085     1.079 r  u_bd/design_1_i/processing_system7_0/inst/buffer_fclk_clk_0.FCLK_CLK_0_BUFG/O
                         net (fo=1271, routed)        1.555     2.634    u_eth/u_cdc/FCLK_CLK0
    SLICE_X45Y113        FDCE                                         r  u_eth/u_cdc/rbin_reg[1]/C
  -------------------------------------------------------------------    -------------------
    SLICE_X45Y113        FDCE (Prop_fdce_C_Q)         0.379     3.013 r  u_eth/u_cdc/rbin_reg[1]/Q
                         net (fo=128, routed)         5.202     8.215    u_eth/u_cdc/rbin_reg[1]
    SLICE_X56Y83         LUT6 (Prop_lut6_I2_O)        0.105     8.320 r  u_eth/u_cdc/rd_data[33]_i_29/O
                         net (fo=1, routed)           0.000     8.320    u_eth/u_cdc/rd_data[33]_i_29_n_0
    SLICE_X56Y83         MUXF7 (Prop_muxf7_I1_O)      0.182     8.502 r  u_eth/u_cdc/rd_data_reg[33]_i_13/O
                         net (fo=1, routed)           0.000     8.502    u_eth/u_cdc/rd_data_reg[33]_i_13_n_0
    SLICE_X56Y83         MUXF8 (Prop_muxf8_I1_O)      0.079     8.581 r  u_eth/u_cdc/rd_data_reg[33]_i_5/O
                         net (fo=1, routed)           1.355     9.936    u_eth/u_cdc/rd_data_reg[33]_i_5_n_0
    SLICE_X51Y99         LUT6 (Prop_lut6_I5_O)        0.264    10.200 r  u_eth/u_cdc/rd_data[33]_i_1/O
                         net (fo=1, routed)           0.000    10.200    u_eth/u_cdc/rd_data[33]_i_1_n_0
    SLICE_X51Y99         FDCE                                         r  u_eth/u_cdc/rd_data_reg[33]/D
  -------------------------------------------------------------------    -------------------

                         (clock clk_fpga_0 rise edge)
                                                     10.000    10.000 r  
    PS7_X0Y0             PS7                          0.000    10.000 r  u_bd/design_1_i/processing_system7_0/inst/PS7_i/FCLKCLK[0]
                         net (fo=1, routed)           0.905    10.906    u_bd/design_1_i/processing_system7_0/inst/FCLK_CLK_unbuffered[0]
    BUFGCTRL_X0Y16       BUFG (Prop_bufg_I_O)         0.077    10.983 r  u_bd/design_1_i/processing_system7_0/inst/buffer_fclk_clk_0.FCLK_CLK_0_BUFG/O
                         net (fo=1271, routed)        1.225    12.208    u_eth/u_cdc/FCLK_CLK0
    SLICE_X51Y99         FDCE                                         r  u_eth/u_cdc/rd_data_reg[33]/C
                         clock pessimism              0.109    12.316    
                         clock uncertainty           -0.154    12.162    
    SLICE_X51Y99         FDCE (Setup_fdce_C_D)        0.030    12.192    u_eth/u_cdc/rd_data_reg[33]
  -------------------------------------------------------------------
                         required time                         12.192    
                         arrival time                         -10.200    
  -------------------------------------------------------------------
                         slack                                  1.992    





Min Delay Paths
--------------------------------------------------------------------------------------
Slack (MET) :             0.066ns  (arrival time - required time)
  Source:                 u_bd/design_1_i/axi_gpio_0/U0/AXI_LITE_IPIF_I/I_SLAVE_ATTACHMENT/s_axi_rdata_i_reg[1]/C
                            (rising edge-triggered cell FDRE clocked by clk_fpga_0  {rise@0.000ns fall@5.000ns period=10.000ns})
  Destination:            u_bd/design_1_i/axi_gp0_ic/s00_couplers/auto_pc/inst/gen_axilite.gen_b2s_conv.axilite_b2s/RD.r_channel_0/rd_data_fifo_0/memory_reg[31][1]_srl32/D
                            (rising edge-triggered cell SRLC32E clocked by clk_fpga_0  {rise@0.000ns fall@5.000ns period=10.000ns})
  Path Group:             clk_fpga_0
  Path Type:              Hold (Min at Fast Process Corner)
  Requirement:            0.000ns  (clk_fpga_0 rise@0.000ns - clk_fpga_0 rise@0.000ns)
  Data Path Delay:        0.196ns  (logic 0.141ns (71.838%)  route 0.055ns (28.162%))
  Logic Levels:           0  
  Clock Path Skew:        0.013ns (DCD - SCD - CPR)
    Destination Clock Delay (DCD):    1.208ns
    Source Clock Delay      (SCD):    0.910ns
    Clock Pessimism Removal (CPR):    0.285ns

    Location             Delay type                Incr(ns)  Path(ns)    Netlist Resource(s)
  -------------------------------------------------------------------    -------------------
                         (clock clk_fpga_0 rise edge)
                                                      0.000     0.000 r  
    PS7_X0Y0             PS7                          0.000     0.000 r  u_bd/design_1_i/processing_system7_0/inst/PS7_i/FCLKCLK[0]
                         net (fo=1, routed)           0.310     0.310    u_bd/design_1_i/processing_system7_0/inst/FCLK_CLK_unbuffered[0]
    BUFGCTRL_X0Y16       BUFG (Prop_bufg_I_O)         0.026     0.336 r  u_bd/design_1_i/processing_system7_0/inst/buffer_fclk_clk_0.FCLK_CLK_0_BUFG/O
                         net (fo=1271, routed)        0.574     0.910    u_bd/design_1_i/axi_gpio_0/U0/AXI_LITE_IPIF_I/I_SLAVE_ATTACHMENT/s_axi_aclk
    SLICE_X31Y89         FDRE                                         r  u_bd/design_1_i/axi_gpio_0/U0/AXI_LITE_IPIF_I/I_SLAVE_ATTACHMENT/s_axi_rdata_i_reg[1]/C
  -------------------------------------------------------------------    -------------------
    SLICE_X31Y89         FDRE (Prop_fdre_C_Q)         0.141     1.051 r  u_bd/design_1_i/axi_gpio_0/U0/AXI_LITE_IPIF_I/I_SLAVE_ATTACHMENT/s_axi_rdata_i_reg[1]/Q
                         net (fo=1, routed)           0.055     1.106    u_bd/design_1_i/axi_gp0_ic/s00_couplers/auto_pc/inst/gen_axilite.gen_b2s_conv.axilite_b2s/RD.r_channel_0/rd_data_fifo_0/in[1]
    SLICE_X30Y89         SRLC32E                                      r  u_bd/design_1_i/axi_gp0_ic/s00_couplers/auto_pc/inst/gen_axilite.gen_b2s_conv.axilite_b2s/RD.r_channel_0/rd_data_fifo_0/memory_reg[31][1]_srl32/D
  -------------------------------------------------------------------    -------------------

                         (clock clk_fpga_0 rise edge)
                                                      0.000     0.000 r  
    PS7_X0Y0             PS7                          0.000     0.000 r  u_bd/design_1_i/processing_system7_0/inst/PS7_i/FCLKCLK[0]
                         net (fo=1, routed)           0.337     0.337    u_bd/design_1_i/processing_system7_0/inst/FCLK_CLK_unbuffered[0]
    BUFGCTRL_X0Y16       BUFG (Prop_bufg_I_O)         0.029     0.366 r  u_bd/design_1_i/processing_system7_0/inst/buffer_fclk_clk_0.FCLK_CLK_0_BUFG/O
                         net (fo=1271, routed)        0.842     1.208    u_bd/design_1_i/axi_gp0_ic/s00_couplers/auto_pc/inst/gen_axilite.gen_b2s_conv.axilite_b2s/RD.r_channel_0/rd_data_fifo_0/aclk
    SLICE_X30Y89         SRLC32E                                      r  u_bd/design_1_i/axi_gp0_ic/s00_couplers/auto_pc/inst/gen_axilite.gen_b2s_conv.axilite_b2s/RD.r_channel_0/rd_data_fifo_0/memory_reg[31][1]_srl32/CLK
                         clock pessimism             -0.285     0.923    
    SLICE_X30Y89         SRLC32E (Hold_srlc32e_CLK_D)
                                                      0.117     1.040    u_bd/design_1_i/axi_gp0_ic/s00_couplers/auto_pc/inst/gen_axilite.gen_b2s_conv.axilite_b2s/RD.r_channel_0/rd_data_fifo_0/memory_reg[31][1]_srl32
  -------------------------------------------------------------------
                         required time                         -1.040    
                         arrival time                           1.106    
  -------------------------------------------------------------------
                         slack                                  0.066    





Pulse Width Checks
--------------------------------------------------------------------------------------
Clock Name:         clk_fpga_0
Waveform(ns):       { 0.000 5.000 }
Period(ns):         10.000
Sources:            { u_bd/design_1_i/processing_system7_0/inst/PS7_i/FCLKCLK[0] }

Check Type        Corner  Lib Pin             Reference Pin  Required(ns)  Actual(ns)  Slack(ns)  Location      Pin
Min Period        n/a     RAMB36E1/CLKARDCLK  n/a            2.472         10.000      7.528      RAMB36_X1Y9   u_eth/u_saver/dmem_reg/CLKARDCLK
Low Pulse Width   Slow    RAMD64E/CLK         n/a            1.130         5.000       3.870      SLICE_X26Y51  u_eth/u_saver/amem_reg_0_63_0_2/RAMA/CLK
High Pulse Width  Slow    RAMD64E/CLK         n/a            1.130         5.000       3.870      SLICE_X26Y51  u_eth/u_saver/amem_reg_0_63_0_2/RAMA/CLK



---------------------------------------------------------------------------------------------------
From Clock:  eth_rxc
  To Clock:  eth_rxc

Setup :            0  Failing Endpoints,  Worst Slack        0.243ns,  Total Violation        0.000ns
Hold  :            0  Failing Endpoints,  Worst Slack        0.066ns,  Total Violation        0.000ns
PW    :            0  Failing Endpoints,  Worst Slack        3.500ns,  Total Violation        0.000ns
---------------------------------------------------------------------------------------------------


Max Delay Paths
--------------------------------------------------------------------------------------
Slack (MET) :             0.243ns  (required time - arrival time)
  Source:                 u_eth/u_rgmii/u_rgmii_rx/rxdata_bus[1].u_iddr_rxd/C
                            (rising edge-triggered cell IDDR clocked by eth_rxc  {rise@0.000ns fall@4.000ns period=8.000ns})
  Destination:            u_eth/u_icmp/u_icmp_rx/rec_data_reg[5]_rep__16/D
                            (rising edge-triggered cell FDCE clocked by eth_rxc  {rise@0.000ns fall@4.000ns period=8.000ns})
  Path Group:             eth_rxc
  Path Type:              Setup (Max at Slow Process Corner)
  Requirement:            8.000ns  (eth_rxc rise@8.000ns - eth_rxc rise@0.000ns)
  Data Path Delay:        8.762ns  (logic 0.448ns (5.113%)  route 8.314ns (94.887%))
  Logic Levels:           0  
  Clock Path Skew:        1.116ns (DCD - SCD + CPR)
    Destination Clock Delay (DCD):    4.460ns = ( 12.460 - 8.000 ) 
    Source Clock Delay      (SCD):    3.410ns
    Clock Pessimism Removal (CPR):    0.066ns
  Clock Uncertainty:      0.035ns  ((TSJ^2 + TIJ^2)^1/2 + DJ) / 2 + PE
    Total System Jitter     (TSJ):    0.071ns
    Total Input Jitter      (TIJ):    0.000ns
    Discrete Jitter          (DJ):    0.000ns
    Phase Error              (PE):    0.000ns

    Location             Delay type                Incr(ns)  Path(ns)    Netlist Resource(s)
  -------------------------------------------------------------------    -------------------
                         (clock eth_rxc rise edge)    0.000     0.000 r  
    Y19                                               0.000     0.000 r  eth_rxc (IN)
                         net (fo=0)                   0.000     0.000    eth_rxc
    Y19                  IBUF (Prop_ibuf_I_O)         1.430     1.430 r  eth_rxc_IBUF_inst/O
                         net (fo=2, routed)           0.374     1.804    u_eth/u_rgmii/u_rgmii_rx/rgmii_rxc
    BUFIO_X1Y3           BUFIO (Prop_bufio_I_O)       1.319     3.123 r  u_eth/u_rgmii/u_rgmii_rx/BUFIO_inst/O
                         net (fo=5, routed)           0.287     3.410    u_eth/u_rgmii/u_rgmii_rx/rgmii_rxc_bufio
    ILOGIC_X1Y41         IDDR                                         r  u_eth/u_rgmii/u_rgmii_rx/rxdata_bus[1].u_iddr_rxd/C
  -------------------------------------------------------------------    -------------------
    ILOGIC_X1Y41         IDDR (Prop_iddr_C_Q2)        0.448     3.858 r  u_eth/u_rgmii/u_rgmii_rx/rxdata_bus[1].u_iddr_rxd/Q2
                         net (fo=68, routed)          8.314    12.172    u_eth/u_icmp/u_icmp_rx/gmii_rxd[5]
    SLICE_X25Y9          FDCE                                         r  u_eth/u_icmp/u_icmp_rx/rec_data_reg[5]_rep__16/D
  -------------------------------------------------------------------    -------------------

                         (clock eth_rxc rise edge)    8.000     8.000 r  
    Y19                                               0.000     8.000 r  eth_rxc (IN)
                         net (fo=0)                   0.000     8.000    eth_rxc
    Y19                  IBUF (Prop_ibuf_I_O)         1.364     9.364 r  eth_rxc_IBUF_inst/O
                         net (fo=2, routed)           1.701    11.065    u_eth/u_rgmii/u_rgmii_rx/rgmii_rxc
    BUFGCTRL_X0Y0        BUFG (Prop_bufg_I_O)         0.077    11.142 r  u_eth/u_rgmii/u_rgmii_rx/BUFG_inst/O
                         net (fo=22546, routed)       1.318    12.460    u_eth/u_icmp/u_icmp_rx/gmii_rx_clk
    SLICE_X25Y9          FDCE                                         r  u_eth/u_icmp/u_icmp_rx/rec_data_reg[5]_rep__16/C
                         clock pessimism              0.066    12.526    
                         clock uncertainty           -0.035    12.490    
    SLICE_X25Y9          FDCE (Setup_fdce_C_D)       -0.076    12.414    u_eth/u_icmp/u_icmp_rx/rec_data_reg[5]_rep__16
  -------------------------------------------------------------------
                         required time                         12.414    
                         arrival time                         -12.172    
  -------------------------------------------------------------------
                         slack                                  0.243    





Min Delay Paths
--------------------------------------------------------------------------------------
Slack (MET) :             0.066ns  (arrival time - required time)
  Source:                 u_eth/u_icmp/u_icmp_rx/rec_data_reg[7]_rep__10/C
                            (rising edge-triggered cell FDCE clocked by eth_rxc  {rise@0.000ns fall@4.000ns period=8.000ns})
  Destination:            u_eth/u_icmp_fifo/mem_reg[1422][7]/D
                            (rising edge-triggered cell FDRE clocked by eth_rxc  {rise@0.000ns fall@4.000ns period=8.000ns})
  Path Group:             eth_rxc
  Path Type:              Hold (Min at Fast Process Corner)
  Requirement:            0.000ns  (eth_rxc rise@0.000ns - eth_rxc rise@0.000ns)
  Data Path Delay:        0.351ns  (logic 0.128ns (36.456%)  route 0.223ns (63.544%))
  Logic Levels:           0  
  Clock Path Skew:        0.268ns (DCD - SCD - CPR)
    Destination Clock Delay (DCD):    2.093ns
    Source Clock Delay      (SCD):    1.577ns
    Clock Pessimism Removal (CPR):    0.248ns

    Location             Delay type                Incr(ns)  Path(ns)    Netlist Resource(s)
  -------------------------------------------------------------------    -------------------
                         (clock eth_rxc rise edge)    0.000     0.000 r  
    Y19                                               0.000     0.000 r  eth_rxc (IN)
                         net (fo=0)                   0.000     0.000    eth_rxc
    Y19                  IBUF (Prop_ibuf_I_O)         0.266     0.266 r  eth_rxc_IBUF_inst/O
                         net (fo=2, routed)           0.674     0.940    u_eth/u_rgmii/u_rgmii_rx/rgmii_rxc
    BUFGCTRL_X0Y0        BUFG (Prop_bufg_I_O)         0.026     0.966 r  u_eth/u_rgmii/u_rgmii_rx/BUFG_inst/O
                         net (fo=22546, routed)       0.611     1.577    u_eth/u_icmp/u_icmp_rx/gmii_rx_clk
    SLICE_X93Y47         FDCE                                         r  u_eth/u_icmp/u_icmp_rx/rec_data_reg[7]_rep__10/C
  -------------------------------------------------------------------    -------------------
    SLICE_X93Y47         FDCE (Prop_fdce_C_Q)         0.128     1.705 r  u_eth/u_icmp/u_icmp_rx/rec_data_reg[7]_rep__10/Q
                         net (fo=64, routed)          0.223     1.928    u_eth/u_icmp_fifo/mem_reg[1408][7]_0[7]
    SLICE_X93Y51         FDRE                                         r  u_eth/u_icmp_fifo/mem_reg[1422][7]/D
  -------------------------------------------------------------------    -------------------

                         (clock eth_rxc rise edge)    0.000     0.000 r  
    Y19                                               0.000     0.000 r  eth_rxc (IN)
                         net (fo=0)                   0.000     0.000    eth_rxc
    Y19                  IBUF (Prop_ibuf_I_O)         0.454     0.454 r  eth_rxc_IBUF_inst/O
                         net (fo=2, routed)           0.731     1.185    u_eth/u_rgmii/u_rgmii_rx/rgmii_rxc
    BUFGCTRL_X0Y0        BUFG (Prop_bufg_I_O)         0.029     1.214 r  u_eth/u_rgmii/u_rgmii_rx/BUFG_inst/O
                         net (fo=22546, routed)       0.879     2.093    u_eth/u_icmp_fifo/gmii_rx_clk
    SLICE_X93Y51         FDRE                                         r  u_eth/u_icmp_fifo/mem_reg[1422][7]/C
                         clock pessimism             -0.248     1.845    
    SLICE_X93Y51         FDRE (Hold_fdre_C_D)         0.017     1.862    u_eth/u_icmp_fifo/mem_reg[1422][7]
  -------------------------------------------------------------------
                         required time                         -1.862    
                         arrival time                           1.928    
  -------------------------------------------------------------------
                         slack                                  0.066    





Pulse Width Checks
--------------------------------------------------------------------------------------
Clock Name:         eth_rxc
Waveform(ns):       { 0.000 4.000 }
Period(ns):         8.000
Sources:            { eth_rxc }

Check Type        Corner  Lib Pin  Reference Pin  Required(ns)  Actual(ns)  Slack(ns)  Location       Pin
Min Period        n/a     BUFG/I   n/a            1.592         8.000       6.408      BUFGCTRL_X0Y0  u_eth/u_rgmii/u_rgmii_rx/BUFG_inst/I
Low Pulse Width   Slow    FDCE/C   n/a            0.500         4.000       3.500      SLICE_X100Y66  u_eth/icmp_dly_reg[0]/C
High Pulse Width  Slow    FDCE/C   n/a            0.500         4.000       3.500      SLICE_X100Y66  u_eth/icmp_dly_reg[0]/C



---------------------------------------------------------------------------------------------------
From Clock:  sys_clk
  To Clock:  sys_clk

Setup :            0  Failing Endpoints,  Worst Slack       15.018ns,  Total Violation        0.000ns
Hold  :            0  Failing Endpoints,  Worst Slack        0.184ns,  Total Violation        0.000ns
PW    :            0  Failing Endpoints,  Worst Slack        7.000ns,  Total Violation        0.000ns
---------------------------------------------------------------------------------------------------


Max Delay Paths
--------------------------------------------------------------------------------------
Slack (MET) :             15.018ns  (required time - arrival time)
  Source:                 u_pl/sec_div_reg[20]/C
                            (rising edge-triggered cell FDCE clocked by sys_clk  {rise@0.000ns fall@10.000ns period=20.000ns})
  Destination:            u_pl/fps_acc_reg[0]/CE
                            (rising edge-triggered cell FDCE clocked by sys_clk  {rise@0.000ns fall@10.000ns period=20.000ns})
  Path Group:             sys_clk
  Path Type:              Setup (Max at Slow Process Corner)
  Requirement:            20.000ns  (sys_clk rise@20.000ns - sys_clk rise@0.000ns)
  Data Path Delay:        4.690ns  (logic 1.007ns (21.471%)  route 3.683ns (78.529%))
  Logic Levels:           5  (LUT3=1 LUT4=1 LUT5=1 LUT6=2)
  Clock Path Skew:        -0.089ns (DCD - SCD + CPR)
    Destination Clock Delay (DCD):    4.414ns = ( 24.414 - 20.000 ) 
    Source Clock Delay      (SCD):    4.761ns
    Clock Pessimism Removal (CPR):    0.258ns
  Clock Uncertainty:      0.035ns  ((TSJ^2 + TIJ^2)^1/2 + DJ) / 2 + PE
    Total System Jitter     (TSJ):    0.071ns
    Total Input Jitter      (TIJ):    0.000ns
    Discrete Jitter          (DJ):    0.000ns
    Phase Error              (PE):    0.000ns

    Location             Delay type                Incr(ns)  Path(ns)    Netlist Resource(s)
  -------------------------------------------------------------------    -------------------
                         (clock sys_clk rise edge)    0.000     0.000 r  
    W17                                               0.000     0.000 r  sys_clk (IN)
                         net (fo=0)                   0.000     0.000    sys_clk
    W17                  IBUF (Prop_ibuf_I_O)         1.415     1.415 r  sys_clk_IBUF_inst/O
                         net (fo=1, routed)           1.873     3.288    sys_clk_IBUF
    BUFGCTRL_X0Y4        BUFG (Prop_bufg_I_O)         0.085     3.373 r  sys_clk_IBUF_BUFG_inst/O
                         net (fo=155, routed)         1.388     4.761    u_pl/sys_clk_IBUF_BUFG
    SLICE_X49Y56         FDCE                                         r  u_pl/sec_div_reg[20]/C
  -------------------------------------------------------------------    -------------------
    SLICE_X49Y56         FDCE (Prop_fdce_C_Q)         0.348     5.109 r  u_pl/sec_div_reg[20]/Q
                         net (fo=2, routed)           0.691     5.800    u_pl/sec_div_reg_n_0_[20]
    SLICE_X47Y56         LUT4 (Prop_lut4_I3_O)        0.239     6.039 f  u_pl/sec_div[25]_i_8/O
                         net (fo=1, routed)           0.255     6.294    u_pl/sec_div[25]_i_8_n_0
    SLICE_X49Y55         LUT5 (Prop_lut5_I4_O)        0.105     6.399 f  u_pl/sec_div[25]_i_7/O
                         net (fo=1, routed)           0.507     6.907    u_pl/sec_div[25]_i_7_n_0
    SLICE_X49Y54         LUT6 (Prop_lut6_I5_O)        0.105     7.012 f  u_pl/sec_div[25]_i_4/O
                         net (fo=1, routed)           0.663     7.675    u_pl/sec_div[25]_i_4_n_0
    SLICE_X49Y52         LUT6 (Prop_lut6_I0_O)        0.105     7.780 r  u_pl/sec_div[25]_i_2/O
                         net (fo=42, routed)          0.771     8.551    u_pl/fps_q[0]
    SLICE_X55Y51         LUT3 (Prop_lut3_I2_O)        0.105     8.656 r  u_pl/fps_acc[7]_i_1/O
                         net (fo=8, routed)           0.795     9.451    u_pl/fps_acc[0]
    SLICE_X57Y55         FDCE                                         r  u_pl/fps_acc_reg[0]/CE
  -------------------------------------------------------------------    -------------------

                         (clock sys_clk rise edge)   20.000    20.000 r  
    W17                                               0.000    20.000 r  sys_clk (IN)
                         net (fo=0)                   0.000    20.000    sys_clk
    W17                  IBUF (Prop_ibuf_I_O)         1.349    21.349 r  sys_clk_IBUF_inst/O
                         net (fo=1, routed)           1.701    23.050    sys_clk_IBUF
    BUFGCTRL_X0Y4        BUFG (Prop_bufg_I_O)         0.077    23.127 r  sys_clk_IBUF_BUFG_inst/O
                         net (fo=155, routed)         1.287    24.414    u_pl/sys_clk_IBUF_BUFG
    SLICE_X57Y55         FDCE                                         r  u_pl/fps_acc_reg[0]/C
                         clock pessimism              0.258    24.672    
                         clock uncertainty           -0.035    24.637    
    SLICE_X57Y55         FDCE (Setup_fdce_C_CE)      -0.168    24.469    u_pl/fps_acc_reg[0]
  -------------------------------------------------------------------
                         required time                         24.469    
                         arrival time                          -9.451    
  -------------------------------------------------------------------
                         slack                                 15.018    





Min Delay Paths
--------------------------------------------------------------------------------------
Slack (MET) :             0.184ns  (arrival time - required time)
  Source:                 u_pl/fps_acc_reg[3]/C
                            (rising edge-triggered cell FDCE clocked by sys_clk  {rise@0.000ns fall@10.000ns period=20.000ns})
  Destination:            u_pl/fps_q_reg[3]/D
                            (rising edge-triggered cell FDCE clocked by sys_clk  {rise@0.000ns fall@10.000ns period=20.000ns})
  Path Group:             sys_clk
  Path Type:              Hold (Min at Fast Process Corner)
  Requirement:            0.000ns  (sys_clk rise@0.000ns - sys_clk rise@0.000ns)
  Data Path Delay:        0.252ns  (logic 0.141ns (55.978%)  route 0.111ns (44.022%))
  Logic Levels:           0  
  Clock Path Skew:        0.016ns (DCD - SCD - CPR)
    Destination Clock Delay (DCD):    2.049ns
    Source Clock Delay      (SCD):    1.531ns
    Clock Pessimism Removal (CPR):    0.502ns

    Location             Delay type                Incr(ns)  Path(ns)    Netlist Resource(s)
  -------------------------------------------------------------------    -------------------
                         (clock sys_clk rise edge)    0.000     0.000 r  
    W17                                               0.000     0.000 r  sys_clk (IN)
                         net (fo=0)                   0.000     0.000    sys_clk
    W17                  IBUF (Prop_ibuf_I_O)         0.252     0.252 r  sys_clk_IBUF_inst/O
                         net (fo=1, routed)           0.674     0.926    sys_clk_IBUF
    BUFGCTRL_X0Y4        BUFG (Prop_bufg_I_O)         0.026     0.952 r  sys_clk_IBUF_BUFG_inst/O
                         net (fo=155, routed)         0.579     1.531    u_pl/sys_clk_IBUF_BUFG
    SLICE_X57Y54         FDCE                                         r  u_pl/fps_acc_reg[3]/C
  -------------------------------------------------------------------    -------------------
    SLICE_X57Y54         FDCE (Prop_fdce_C_Q)         0.141     1.672 r  u_pl/fps_acc_reg[3]/Q
                         net (fo=2, routed)           0.111     1.783    u_pl/fps_acc_reg_n_0_[3]
    SLICE_X58Y54         FDCE                                         r  u_pl/fps_q_reg[3]/D
  -------------------------------------------------------------------    -------------------

                         (clock sys_clk rise edge)    0.000     0.000 r  
    W17                                               0.000     0.000 r  sys_clk (IN)
                         net (fo=0)                   0.000     0.000    sys_clk
    W17                  IBUF (Prop_ibuf_I_O)         0.440     0.440 r  sys_clk_IBUF_inst/O
                         net (fo=1, routed)           0.731     1.171    sys_clk_IBUF
    BUFGCTRL_X0Y4        BUFG (Prop_bufg_I_O)         0.029     1.200 r  sys_clk_IBUF_BUFG_inst/O
                         net (fo=155, routed)         0.849     2.049    u_pl/sys_clk_IBUF_BUFG
    SLICE_X58Y54         FDCE                                         r  u_pl/fps_q_reg[3]/C
                         clock pessimism             -0.502     1.547    
    SLICE_X58Y54         FDCE (Hold_fdce_C_D)         0.052     1.599    u_pl/fps_q_reg[3]
  -------------------------------------------------------------------
                         required time                         -1.599    
                         arrival time                           1.783    
  -------------------------------------------------------------------
                         slack                                  0.184    





Pulse Width Checks
--------------------------------------------------------------------------------------
Clock Name:         sys_clk
Waveform(ns):       { 0.000 10.000 }
Period(ns):         20.000
Sources:            { sys_clk }

Check Type        Corner  Lib Pin            Reference Pin  Required(ns)  Actual(ns)  Slack(ns)  Location         Pin
Min Period        n/a     BUFG/I             n/a            1.592         20.000      18.408     BUFGCTRL_X0Y4    sys_clk_IBUF_BUFG_inst/I
Max Period        n/a     MMCME2_ADV/CLKIN1  n/a            100.000       20.000      80.000     MMCME2_ADV_X0Y0  u_idelay_clkgen/u_mmcm/CLKIN1
Low Pulse Width   Slow    MMCME2_ADV/CLKIN1  n/a            3.000         10.000      7.000      MMCME2_ADV_X0Y0  u_idelay_clkgen/u_mmcm/CLKIN1
High Pulse Width  Slow    MMCME2_ADV/CLKIN1  n/a            3.000         10.000      7.000      MMCME2_ADV_X0Y0  u_idelay_clkgen/u_mmcm/CLKIN1



---------------------------------------------------------------------------------------------------
From Clock:  clkfbout
  To Clock:  clkfbout

Setup :           NA  Failing Endpoints,  Worst Slack           NA  ,  Total Violation           NA
Hold  :           NA  Failing Endpoints,  Worst Slack           NA  ,  Total Violation           NA
PW    :            0  Failing Endpoints,  Worst Slack       18.408ns,  Total Violation        0.000ns
---------------------------------------------------------------------------------------------------


Pulse Width Checks
--------------------------------------------------------------------------------------
Clock Name:         clkfbout
Waveform(ns):       { 0.000 10.000 }
Period(ns):         20.000
Sources:            { u_idelay_clkgen/u_mmcm/CLKFBOUT }

Check Type  Corner  Lib Pin             Reference Pin  Required(ns)  Actual(ns)  Slack(ns)  Location         Pin
Min Period  n/a     BUFG/I              n/a            1.592         20.000      18.408     BUFGCTRL_X0Y5    u_idelay_clkgen/u_bufg_fb/I
Max Period  n/a     MMCME2_ADV/CLKFBIN  n/a            100.000       20.000      80.000     MMCME2_ADV_X0Y0  u_idelay_clkgen/u_mmcm/CLKFBIN



---------------------------------------------------------------------------------------------------
From Clock:  clkfbout_1
  To Clock:  clkfbout_1

Setup :           NA  Failing Endpoints,  Worst Slack           NA  ,  Total Violation           NA
Hold  :           NA  Failing Endpoints,  Worst Slack           NA  ,  Total Violation           NA
PW    :            0  Failing Endpoints,  Worst Slack       18.408ns,  Total Violation        0.000ns
---------------------------------------------------------------------------------------------------


Pulse Width Checks
--------------------------------------------------------------------------------------
Clock Name:         clkfbout_1
Waveform(ns):       { 0.000 10.000 }
Period(ns):         20.000
Sources:            { u_pl/u_clk/u_mmcm/CLKFBOUT }

Check Type  Corner  Lib Pin             Reference Pin  Required(ns)  Actual(ns)  Slack(ns)  Location         Pin
Min Period  n/a     BUFG/I              n/a            1.592         20.000      18.408     BUFGCTRL_X0Y6    u_pl/u_clk/u_bufg_fb/I
Max Period  n/a     MMCME2_ADV/CLKFBIN  n/a            100.000       20.000      80.000     MMCME2_ADV_X1Y0  u_pl/u_clk/u_mmcm/CLKFBIN



---------------------------------------------------------------------------------------------------
From Clock:  clkout0_1
  To Clock:  clkout0_1

Setup :            0  Failing Endpoints,  Worst Slack        1.473ns,  Total Violation        0.000ns
Hold  :            0  Failing Endpoints,  Worst Slack        0.055ns,  Total Violation        0.000ns
PW    :            0  Failing Endpoints,  Worst Slack        8.870ns,  Total Violation        0.000ns
---------------------------------------------------------------------------------------------------


Max Delay Paths
--------------------------------------------------------------------------------------
Slack (MET) :             1.473ns  (required time - arrival time)
  Source:                 u_pl/x_d4_reg[3]/C
                            (rising edge-triggered cell FDCE clocked by clkout0_1  {rise@0.000ns fall@10.000ns period=20.000ns})
  Destination:            u_pl/u_osd/r_reg[5]/D
                            (rising edge-triggered cell FDCE clocked by clkout0_1  {rise@0.000ns fall@10.000ns period=20.000ns})
  Path Group:             clkout0_1
  Path Type:              Setup (Max at Slow Process Corner)
  Requirement:            20.000ns  (clkout0_1 rise@20.000ns - clkout0_1 rise@0.000ns)
  Data Path Delay:        18.407ns  (logic 6.552ns (35.595%)  route 11.855ns (64.405%))
  Logic Levels:           25  (CARRY4=8 LUT2=1 LUT3=3 LUT4=4 LUT5=2 LUT6=7)
  Clock Path Skew:        -0.057ns (DCD - SCD + CPR)
    Destination Clock Delay (DCD):    4.433ns = ( 24.433 - 20.000 ) 
    Source Clock Delay      (SCD):    4.832ns
    Clock Pessimism Removal (CPR):    0.342ns
  Clock Uncertainty:      0.094ns  ((TSJ^2 + DJ^2)^1/2) / 2 + PE
    Total System Jitter     (TSJ):    0.071ns
    Discrete Jitter          (DJ):    0.175ns
    Phase Error              (PE):    0.000ns

    Location             Delay type                Incr(ns)  Path(ns)    Netlist Resource(s)
  -------------------------------------------------------------------    -------------------
                         (clock clkout0_1 rise edge)
                                                      0.000     0.000 r  
    W17                                               0.000     0.000 r  sys_clk (IN)
                         net (fo=0)                   0.000     0.000    sys_clk
    W17                  IBUF (Prop_ibuf_I_O)         1.415     1.415 r  sys_clk_IBUF_inst/O
                         net (fo=1, routed)           1.873     3.288    sys_clk_IBUF
    BUFGCTRL_X0Y4        BUFG (Prop_bufg_I_O)         0.085     3.373 r  sys_clk_IBUF_BUFG_inst/O
                         net (fo=155, routed)         1.550     4.923    u_pl/u_clk/sys_clk_IBUF_BUFG
    MMCME2_ADV_X1Y0      MMCME2_ADV (Prop_mmcme2_adv_CLKIN1_CLKOUT0)
                                                     -3.232     1.691 r  u_pl/u_clk/u_mmcm/CLKOUT0
                         net (fo=1, routed)           1.597     3.288    u_pl/u_clk/clkout0
    BUFGCTRL_X0Y1        BUFG (Prop_bufg_I_O)         0.085     3.373 r  u_pl/u_clk/u_bufg_pix/O
                         net (fo=1011, routed)        1.459     4.832    u_pl/clk_pix
    SLICE_X58Y48         FDCE                                         r  u_pl/x_d4_reg[3]/C
  -------------------------------------------------------------------    -------------------
    SLICE_X58Y48         FDCE (Prop_fdce_C_Q)         0.433     5.265 r  u_pl/x_d4_reg[3]/Q
                         net (fo=4, routed)           0.510     5.775    u_pl/u_osd/Q[3]
    SLICE_X59Y45         CARRY4 (Prop_carry4_S[0]_O[1])
                                                      0.448     6.223 r  u_pl/u_osd/r_reg[7]_i_52/O[1]
                         net (fo=23, routed)          0.846     7.069    u_pl/u_osd/lx[4]
    SLICE_X63Y47         LUT3 (Prop_lut3_I2_O)        0.250     7.319 r  u_pl/u_osd/g0_b4__3_i_251/O
                         net (fo=4, routed)           0.452     7.771    u_pl/u_osd/g0_b4__3_i_251_n_0
    SLICE_X61Y46         LUT4 (Prop_lut4_I3_O)        0.105     7.876 r  u_pl/u_osd/g0_b4__3_i_253/O
                         net (fo=1, routed)           0.000     7.876    u_pl/u_osd/g0_b4__3_i_253_n_0
    SLICE_X61Y46         CARRY4 (Prop_carry4_S[3]_CO[3])
                                                      0.332     8.208 r  u_pl/u_osd/g0_b4__3_i_200/CO[3]
                         net (fo=1, routed)           0.000     8.208    u_pl/u_osd/g0_b4__3_i_200_n_0
    SLICE_X61Y47         CARRY4 (Prop_carry4_CI_O[1])
                                                      0.265     8.473 r  u_pl/u_osd/g0_b4__3_i_139/O[1]
                         net (fo=2, routed)           0.784     9.257    u_pl/u_osd/g0_b4__3_i_139_n_6
    SLICE_X63Y47         LUT3 (Prop_lut3_I1_O)        0.264     9.521 r  u_pl/u_osd/g0_b4__3_i_84/O
                         net (fo=2, routed)           0.660    10.181    u_pl/u_osd/g0_b4__3_i_84_n_0
    SLICE_X60Y47         LUT4 (Prop_lut4_I3_O)        0.274    10.455 r  u_pl/u_osd/g0_b4__3_i_88/O
                         net (fo=1, routed)           0.000    10.455    u_pl/u_osd/g0_b4__3_i_88_n_0
    SLICE_X60Y47         CARRY4 (Prop_carry4_S[0]_CO[3])
                                                      0.440    10.895 r  u_pl/u_osd/g0_b4__3_i_37/CO[3]
                         net (fo=1, routed)           0.000    10.895    u_pl/u_osd/g0_b4__3_i_37_n_0
    SLICE_X60Y48         CARRY4 (Prop_carry4_CI_O[1])
                                                      0.265    11.160 r  u_pl/u_osd/g0_b4__3_i_36/O[1]
                         net (fo=6, routed)           0.695    11.855    u_pl/u_osd/g0_b4__3_i_79_0[0]
    SLICE_X58Y48         LUT2 (Prop_lut2_I0_O)        0.250    12.105 r  u_pl/u_osd/g0_b4__3_i_231/O
                         net (fo=1, routed)           0.000    12.105    u_pl/u_osd/g0_b4__3_i_231_n_0
    SLICE_X58Y48         CARRY4 (Prop_carry4_S[1]_CO[3])
                                                      0.444    12.549 r  u_pl/u_osd/g0_b4__3_i_161/CO[3]
                         net (fo=1, routed)           0.000    12.549    u_pl/u_osd/g0_b4__3_i_161_n_0
    SLICE_X58Y49         CARRY4 (Prop_carry4_CI_O[3])
                                                      0.262    12.811 r  u_pl/u_osd/g0_b4__3_i_98/O[3]
                         net (fo=3, routed)           0.644    13.455    u_pl/u_osd/g0_b4__3_i_98_n_4
    SLICE_X59Y50         LUT4 (Prop_lut4_I1_O)        0.250    13.705 r  u_pl/u_osd/g0_b4__3_i_94/O
                         net (fo=1, routed)           0.000    13.705    u_pl/u_osd/g0_b4__3_i_94_n_0
    SLICE_X59Y50         CARRY4 (Prop_carry4_S[1]_CO[1])
                                                      0.408    14.113 f  u_pl/u_osd/g0_b4__3_i_46/CO[1]
                         net (fo=10, routed)          0.584    14.697    u_pl/u_osd/CO[0]
    SLICE_X60Y51         LUT4 (Prop_lut4_I3_O)        0.294    14.991 r  u_pl/u_osd/g0_b4__3_i_38/O
                         net (fo=4, routed)           0.578    15.568    u_pl/u_osd/g0_b4__3_i_38_n_0
    SLICE_X59Y51         LUT5 (Prop_lut5_I2_O)        0.267    15.835 r  u_pl/u_osd/g0_b4__3_i_30/O
                         net (fo=14, routed)          0.690    16.526    u_pl/u_osd/g0_b4__3_i_35_0
    SLICE_X58Y54         LUT6 (Prop_lut6_I4_O)        0.105    16.631 f  u_pl/u_osd/g0_b4__3_i_17/O
                         net (fo=1, routed)           0.655    17.286    u_pl/u_ang/r[7]_i_73_0
    SLICE_X58Y53         LUT6 (Prop_lut6_I0_O)        0.105    17.391 r  u_pl/u_ang/g0_b4__3_i_7/O
                         net (fo=11, routed)          0.869    18.260    u_pl/u_ang/g0_b4__3_i_7_n_0
    SLICE_X60Y53         LUT6 (Prop_lut6_I1_O)        0.105    18.365 r  u_pl/u_ang/g0_b4__3_i_1/O
                         net (fo=31, routed)          0.837    19.202    u_pl/u_ang/g0_b4__3_i_1_n_0
    SLICE_X61Y53         LUT5 (Prop_lut5_I0_O)        0.119    19.321 r  u_pl/u_ang/g0_b3/O
                         net (fo=1, routed)           0.794    20.115    u_pl/u_ang/g0_b3_n_0
    SLICE_X62Y53         LUT3 (Prop_lut3_I1_O)        0.288    20.403 r  u_pl/u_ang/r[7]_i_72/O
                         net (fo=1, routed)           0.666    21.069    u_pl/u_ang/r[7]_i_72_n_0
    SLICE_X62Y54         LUT6 (Prop_lut6_I5_O)        0.264    21.333 r  u_pl/u_ang/r[7]_i_44/O
                         net (fo=1, routed)           0.228    21.561    u_pl/u_ang/r[7]_i_44_n_0
    SLICE_X63Y54         LUT6 (Prop_lut6_I2_O)        0.105    21.666 r  u_pl/u_ang/r[7]_i_19/O
                         net (fo=1, routed)           0.324    21.990    u_pl/u_ang/r[7]_i_19_n_0
    SLICE_X63Y52         LUT6 (Prop_lut6_I4_O)        0.105    22.095 f  u_pl/u_ang/r[7]_i_4__0/O
                         net (fo=19, routed)          1.040    23.134    u_pl/u_ang/r[7]_i_4__0_n_0
    SLICE_X68Y44         LUT6 (Prop_lut6_I3_O)        0.105    23.239 r  u_pl/u_ang/r[5]_i_1/O
                         net (fo=1, routed)           0.000    23.239    u_pl/u_osd/r_reg[7]_0[3]
    SLICE_X68Y44         FDCE                                         r  u_pl/u_osd/r_reg[5]/D
  -------------------------------------------------------------------    -------------------

                         (clock clkout0_1 rise edge)
                                                     20.000    20.000 r  
    W17                                               0.000    20.000 r  sys_clk (IN)
                         net (fo=0)                   0.000    20.000    sys_clk
    W17                  IBUF (Prop_ibuf_I_O)         1.349    21.349 r  sys_clk_IBUF_inst/O
                         net (fo=1, routed)           1.701    23.050    sys_clk_IBUF
    BUFGCTRL_X0Y4        BUFG (Prop_bufg_I_O)         0.077    23.127 r  sys_clk_IBUF_BUFG_inst/O
                         net (fo=155, routed)         1.384    24.511    u_pl/u_clk/sys_clk_IBUF_BUFG
    MMCME2_ADV_X1Y0      MMCME2_ADV (Prop_mmcme2_adv_CLKIN1_CLKOUT0)
                                                     -2.915    21.596 r  u_pl/u_clk/u_mmcm/CLKOUT0
                         net (fo=1, routed)           1.454    23.050    u_pl/u_clk/clkout0
    BUFGCTRL_X0Y1        BUFG (Prop_bufg_I_O)         0.077    23.127 r  u_pl/u_clk/u_bufg_pix/O
                         net (fo=1011, routed)        1.306    24.433    u_pl/u_osd/clk_pix
    SLICE_X68Y44         FDCE                                         r  u_pl/u_osd/r_reg[5]/C
                         clock pessimism              0.342    24.775    
                         clock uncertainty           -0.094    24.681    
    SLICE_X68Y44         FDCE (Setup_fdce_C_D)        0.032    24.713    u_pl/u_osd/r_reg[5]
  -------------------------------------------------------------------
                         required time                         24.713    
                         arrival time                         -23.239    
  -------------------------------------------------------------------
                         slack                                  1.473    





Min Delay Paths
--------------------------------------------------------------------------------------
Slack (MET) :             0.055ns  (arrival time - required time)
  Source:                 u_pl/u_t/u_t/y_reg[6]/C
                            (rising edge-triggered cell FDCE clocked by clkout0_1  {rise@0.000ns fall@10.000ns period=20.000ns})
  Destination:            u_pl/y_d_reg[2][6]_srl3_u_pl_hs_d_reg_c_0/D
                            (rising edge-triggered cell SRL16E clocked by clkout0_1  {rise@0.000ns fall@10.000ns period=20.000ns})
  Path Group:             clkout0_1
  Path Type:              Hold (Min at Fast Process Corner)
  Requirement:            0.000ns  (clkout0_1 rise@0.000ns - clkout0_1 rise@0.000ns)
  Data Path Delay:        0.254ns  (logic 0.141ns (55.422%)  route 0.113ns (44.578%))
  Logic Levels:           0  
  Clock Path Skew:        0.016ns (DCD - SCD - CPR)
    Destination Clock Delay (DCD):    2.023ns
    Source Clock Delay      (SCD):    1.508ns
    Clock Pessimism Removal (CPR):    0.499ns

    Location             Delay type                Incr(ns)  Path(ns)    Netlist Resource(s)
  -------------------------------------------------------------------    -------------------
                         (clock clkout0_1 rise edge)
                                                      0.000     0.000 r  
    W17                                               0.000     0.000 r  sys_clk (IN)
                         net (fo=0)                   0.000     0.000    sys_clk
    W17                  IBUF (Prop_ibuf_I_O)         0.252     0.252 r  sys_clk_IBUF_inst/O
                         net (fo=1, routed)           0.674     0.926    sys_clk_IBUF
    BUFGCTRL_X0Y4        BUFG (Prop_bufg_I_O)         0.026     0.952 r  sys_clk_IBUF_BUFG_inst/O
                         net (fo=155, routed)         0.595     1.547    u_pl/u_clk/sys_clk_IBUF_BUFG
    MMCME2_ADV_X1Y0      MMCME2_ADV (Prop_mmcme2_adv_CLKIN1_CLKOUT0)
                                                     -1.150     0.397 r  u_pl/u_clk/u_mmcm/CLKOUT0
                         net (fo=1, routed)           0.529     0.926    u_pl/u_clk/clkout0
    BUFGCTRL_X0Y1        BUFG (Prop_bufg_I_O)         0.026     0.952 r  u_pl/u_clk/u_bufg_pix/O
                         net (fo=1011, routed)        0.556     1.508    u_pl/u_t/u_t/clk_pix
    SLICE_X52Y46         FDCE                                         r  u_pl/u_t/u_t/y_reg[6]/C
  -------------------------------------------------------------------    -------------------
    SLICE_X52Y46         FDCE (Prop_fdce_C_Q)         0.141     1.649 r  u_pl/u_t/u_t/y_reg[6]/Q
                         net (fo=4, routed)           0.113     1.762    u_pl/y[6]
    SLICE_X50Y45         SRL16E                                       r  u_pl/y_d_reg[2][6]_srl3_u_pl_hs_d_reg_c_0/D
  -------------------------------------------------------------------    -------------------

                         (clock clkout0_1 rise edge)
                                                      0.000     0.000 r  
    W17                                               0.000     0.000 r  sys_clk (IN)
                         net (fo=0)                   0.000     0.000    sys_clk
    W17                  IBUF (Prop_ibuf_I_O)         0.440     0.440 r  sys_clk_IBUF_inst/O
                         net (fo=1, routed)           0.731     1.171    sys_clk_IBUF
    BUFGCTRL_X0Y4        BUFG (Prop_bufg_I_O)         0.029     1.200 r  sys_clk_IBUF_BUFG_inst/O
                         net (fo=155, routed)         0.862     2.062    u_pl/u_clk/sys_clk_IBUF_BUFG
    MMCME2_ADV_X1Y0      MMCME2_ADV (Prop_mmcme2_adv_CLKIN1_CLKOUT0)
                                                     -1.467     0.595 r  u_pl/u_clk/u_mmcm/CLKOUT0
                         net (fo=1, routed)           0.576     1.171    u_pl/u_clk/clkout0
    BUFGCTRL_X0Y1        BUFG (Prop_bufg_I_O)         0.029     1.200 r  u_pl/u_clk/u_bufg_pix/O
                         net (fo=1011, routed)        0.823     2.023    u_pl/clk_pix
    SLICE_X50Y45         SRL16E                                       r  u_pl/y_d_reg[2][6]_srl3_u_pl_hs_d_reg_c_0/CLK
                         clock pessimism             -0.499     1.524    
    SLICE_X50Y45         SRL16E (Hold_srl16e_CLK_D)
                                                      0.183     1.707    u_pl/y_d_reg[2][6]_srl3_u_pl_hs_d_reg_c_0
  -------------------------------------------------------------------
                         required time                         -1.707    
                         arrival time                           1.762    
  -------------------------------------------------------------------
                         slack                                  0.055    





Pulse Width Checks
--------------------------------------------------------------------------------------
Clock Name:         clkout0_1
Waveform(ns):       { 0.000 10.000 }
Period(ns):         20.000
Sources:            { u_pl/u_clk/u_mmcm/CLKOUT0 }

Check Type        Corner  Lib Pin             Reference Pin  Required(ns)  Actual(ns)  Slack(ns)  Location         Pin
Min Period        n/a     DSP48E1/CLK         n/a            3.272         20.000      16.728     DSP48_X2Y23      u_pl/u_rmap/xr_m_reg/CLK
Max Period        n/a     MMCME2_ADV/CLKOUT0  n/a            213.360       20.000      193.360    MMCME2_ADV_X1Y0  u_pl/u_clk/u_mmcm/CLKOUT0
Low Pulse Width   Slow    RAMS64E/CLK         n/a            1.130         10.000      8.870      SLICE_X50Y58     u_pl/u_pipe/u_blur/lb1_reg_0_255_0_0/RAMS64E_A/CLK
High Pulse Width  Slow    RAMS64E/CLK         n/a            1.130         10.000      8.870      SLICE_X50Y58     u_pl/u_pipe/u_blur/lb1_reg_0_255_0_0/RAMS64E_A/CLK



---------------------------------------------------------------------------------------------------
From Clock:  clkout1_1
  To Clock:  clkout1_1

Setup :           NA  Failing Endpoints,  Worst Slack           NA  ,  Total Violation           NA
Hold  :           NA  Failing Endpoints,  Worst Slack           NA  ,  Total Violation           NA
PW    :            0  Failing Endpoints,  Worst Slack        2.408ns,  Total Violation        0.000ns
---------------------------------------------------------------------------------------------------


Pulse Width Checks
--------------------------------------------------------------------------------------
Clock Name:         clkout1_1
Waveform(ns):       { 0.000 2.000 }
Period(ns):         4.000
Sources:            { u_pl/u_clk/u_mmcm/CLKOUT1 }

Check Type  Corner  Lib Pin             Reference Pin  Required(ns)  Actual(ns)  Slack(ns)  Location         Pin
Min Period  n/a     BUFG/I              n/a            1.592         4.000       2.408      BUFGCTRL_X0Y2    u_pl/u_clk/u_bufg_5x/I
Max Period  n/a     MMCME2_ADV/CLKOUT1  n/a            213.360       4.000       209.360    MMCME2_ADV_X1Y0  u_pl/u_clk/u_mmcm/CLKOUT1



---------------------------------------------------------------------------------------------------
From Clock:  clkout2
  To Clock:  clkout2

Setup :           NA  Failing Endpoints,  Worst Slack           NA  ,  Total Violation           NA
Hold  :           NA  Failing Endpoints,  Worst Slack           NA  ,  Total Violation           NA
PW    :            0  Failing Endpoints,  Worst Slack        0.264ns,  Total Violation        0.000ns
---------------------------------------------------------------------------------------------------


Pulse Width Checks
--------------------------------------------------------------------------------------
Clock Name:         clkout2
Waveform(ns):       { 0.000 2.500 }
Period(ns):         5.000
Sources:            { u_idelay_clkgen/u_mmcm/CLKOUT2 }

Check Type  Corner  Lib Pin            Reference Pin  Required(ns)  Actual(ns)  Slack(ns)  Location         Pin
Min Period  n/a     IDELAYCTRL/REFCLK  n/a            2.438         5.000       2.562      IDELAYCTRL_X1Y0  u_eth/u_rgmii/u_rgmii_rx/IDELAYCTRL_inst/REFCLK
Max Period  n/a     IDELAYCTRL/REFCLK  n/a            5.264         5.000       0.264      IDELAYCTRL_X1Y0  u_eth/u_rgmii/u_rgmii_rx/IDELAYCTRL_inst/REFCLK



---------------------------------------------------------------------------------------------------
From Clock:  clkout0_1
  To Clock:  clk_fpga_0

Setup :            0  Failing Endpoints,  Worst Slack        6.252ns,  Total Violation        0.000ns
Hold  :            0  Failing Endpoints,  Worst Slack        0.235ns,  Total Violation        0.000ns
---------------------------------------------------------------------------------------------------


Max Delay Paths
--------------------------------------------------------------------------------------
Slack (MET) :             6.252ns  (required time - arrival time)
  Source:                 u_pl/fs_tog_reg/C
                            (rising edge-triggered cell FDCE clocked by clkout0_1  {rise@0.000ns fall@10.000ns period=20.000ns})
  Destination:            u_pl/fs0_reg/D
                            (rising edge-triggered cell FDCE clocked by clk_fpga_0  {rise@0.000ns fall@5.000ns period=10.000ns})
  Path Group:             clk_fpga_0
  Path Type:              Setup (Max at Slow Process Corner)
  Requirement:            10.000ns  (clk_fpga_0 rise@10.000ns - clkout0_1 rise@0.000ns)
  Data Path Delay:        0.805ns  (logic 0.379ns (47.058%)  route 0.426ns (52.942%))
  Logic Levels:           0  
  Clock Path Skew:        -2.542ns (DCD - SCD + CPR)
    Destination Clock Delay (DCD):    2.234ns = ( 12.234 - 10.000 ) 
    Source Clock Delay      (SCD):    4.776ns
    Clock Pessimism Removal (CPR):    0.000ns
  Clock Uncertainty:      0.342ns  ((TSJ^2 + TIJ^2 + DJ^2)^1/2) / 2 + PE
    Total System Jitter     (TSJ):    0.071ns
    Total Input Jitter      (TIJ):    0.300ns
    Discrete Jitter          (DJ):    0.175ns
    Phase Error              (PE):    0.165ns
  Clock Domain Crossing:  Inter clock paths are considered valid unless explicitly excluded by timing constraints such as set_clock_groups or set_false_path.

    Location             Delay type                Incr(ns)  Path(ns)    Netlist Resource(s)
  -------------------------------------------------------------------    -------------------
                         (clock clkout0_1 rise edge)
                                                      0.000     0.000 r  
    W17                                               0.000     0.000 r  sys_clk (IN)
                         net (fo=0)                   0.000     0.000    sys_clk
    W17                  IBUF (Prop_ibuf_I_O)         1.415     1.415 r  sys_clk_IBUF_inst/O
                         net (fo=1, routed)           1.873     3.288    sys_clk_IBUF
    BUFGCTRL_X0Y4        BUFG (Prop_bufg_I_O)         0.085     3.373 r  sys_clk_IBUF_BUFG_inst/O
                         net (fo=155, routed)         1.550     4.923    u_pl/u_clk/sys_clk_IBUF_BUFG
    MMCME2_ADV_X1Y0      MMCME2_ADV (Prop_mmcme2_adv_CLKIN1_CLKOUT0)
                                                     -3.232     1.691 r  u_pl/u_clk/u_mmcm/CLKOUT0
                         net (fo=1, routed)           1.597     3.288    u_pl/u_clk/clkout0
    BUFGCTRL_X0Y1        BUFG (Prop_bufg_I_O)         0.085     3.373 r  u_pl/u_clk/u_bufg_pix/O
                         net (fo=1011, routed)        1.403     4.776    u_pl/clk_pix
    SLICE_X49Y46         FDCE                                         r  u_pl/fs_tog_reg/C
  -------------------------------------------------------------------    -------------------
    SLICE_X49Y46         FDCE (Prop_fdce_C_Q)         0.379     5.155 r  u_pl/fs_tog_reg/Q
                         net (fo=2, routed)           0.426     5.582    u_pl/fs_tog
    SLICE_X47Y45         FDCE                                         r  u_pl/fs0_reg/D
  -------------------------------------------------------------------    -------------------

                         (clock clk_fpga_0 rise edge)
                                                     10.000    10.000 r  
    PS7_X0Y0             PS7                          0.000    10.000 r  u_bd/design_1_i/processing_system7_0/inst/PS7_i/FCLKCLK[0]
                         net (fo=1, routed)           0.905    10.906    u_bd/design_1_i/processing_system7_0/inst/FCLK_CLK_unbuffered[0]
    BUFGCTRL_X0Y16       BUFG (Prop_bufg_I_O)         0.077    10.983 r  u_bd/design_1_i/processing_system7_0/inst/buffer_fclk_clk_0.FCLK_CLK_0_BUFG/O
                         net (fo=1271, routed)        1.252    12.234    u_pl/FCLK_CLK0
    SLICE_X47Y45         FDCE                                         r  u_pl/fs0_reg/C
                         clock pessimism              0.000    12.234    
                         clock uncertainty           -0.342    11.892    
    SLICE_X47Y45         FDCE (Setup_fdce_C_D)       -0.059    11.833    u_pl/fs0_reg
  -------------------------------------------------------------------
                         required time                         11.833    
                         arrival time                          -5.582    
  -------------------------------------------------------------------
                         slack                                  6.252    





Min Delay Paths
--------------------------------------------------------------------------------------
Slack (MET) :             0.235ns  (arrival time - required time)
  Source:                 u_pl/fs_tog_reg/C
                            (rising edge-triggered cell FDCE clocked by clkout0_1  {rise@0.000ns fall@10.000ns period=20.000ns})
  Destination:            u_pl/fs0_reg/D
                            (rising edge-triggered cell FDCE clocked by clk_fpga_0  {rise@0.000ns fall@5.000ns period=10.000ns})
  Path Group:             clk_fpga_0
  Path Type:              Hold (Min at Fast Process Corner)
  Requirement:            0.000ns  (clk_fpga_0 rise@0.000ns - clkout0_1 rise@0.000ns)
  Data Path Delay:        0.327ns  (logic 0.141ns (43.068%)  route 0.186ns (56.932%))
  Logic Levels:           0  
  Clock Path Skew:        -0.316ns (DCD - SCD - CPR)
    Destination Clock Delay (DCD):    1.195ns
    Source Clock Delay      (SCD):    1.511ns
    Clock Pessimism Removal (CPR):    -0.000ns
  Clock Uncertainty:      0.342ns  ((TSJ^2 + TIJ^2 + DJ^2)^1/2) / 2 + PE
    Total System Jitter     (TSJ):    0.071ns
    Total Input Jitter      (TIJ):    0.300ns
    Discrete Jitter          (DJ):    0.175ns
    Phase Error              (PE):    0.165ns
  Clock Domain Crossing:  Inter clock paths are considered valid unless explicitly excluded by timing constraints such as set_clock_groups or set_false_path.

    Location             Delay type                Incr(ns)  Path(ns)    Netlist Resource(s)
  -------------------------------------------------------------------    -------------------
                         (clock clkout0_1 rise edge)
                                                      0.000     0.000 r  
    W17                                               0.000     0.000 r  sys_clk (IN)
                         net (fo=0)                   0.000     0.000    sys_clk
    W17                  IBUF (Prop_ibuf_I_O)         0.252     0.252 r  sys_clk_IBUF_inst/O
                         net (fo=1, routed)           0.674     0.926    sys_clk_IBUF
    BUFGCTRL_X0Y4        BUFG (Prop_bufg_I_O)         0.026     0.952 r  sys_clk_IBUF_BUFG_inst/O
                         net (fo=155, routed)         0.595     1.547    u_pl/u_clk/sys_clk_IBUF_BUFG
    MMCME2_ADV_X1Y0      MMCME2_ADV (Prop_mmcme2_adv_CLKIN1_CLKOUT0)
                                                     -1.150     0.397 r  u_pl/u_clk/u_mmcm/CLKOUT0
                         net (fo=1, routed)           0.529     0.926    u_pl/u_clk/clkout0
    BUFGCTRL_X0Y1        BUFG (Prop_bufg_I_O)         0.026     0.952 r  u_pl/u_clk/u_bufg_pix/O
                         net (fo=1011, routed)        0.559     1.511    u_pl/clk_pix
    SLICE_X49Y46         FDCE                                         r  u_pl/fs_tog_reg/C
  -------------------------------------------------------------------    -------------------
    SLICE_X49Y46         FDCE (Prop_fdce_C_Q)         0.141     1.652 r  u_pl/fs_tog_reg/Q
                         net (fo=2, routed)           0.186     1.838    u_pl/fs_tog
    SLICE_X47Y45         FDCE                                         r  u_pl/fs0_reg/D
  -------------------------------------------------------------------    -------------------

                         (clock clk_fpga_0 rise edge)
                                                      0.000     0.000 r  
    PS7_X0Y0             PS7                          0.000     0.000 r  u_bd/design_1_i/processing_system7_0/inst/PS7_i/FCLKCLK[0]
                         net (fo=1, routed)           0.337     0.337    u_bd/design_1_i/processing_system7_0/inst/FCLK_CLK_unbuffered[0]
    BUFGCTRL_X0Y16       BUFG (Prop_bufg_I_O)         0.029     0.366 r  u_bd/design_1_i/processing_system7_0/inst/buffer_fclk_clk_0.FCLK_CLK_0_BUFG/O
                         net (fo=1271, routed)        0.829     1.195    u_pl/FCLK_CLK0
    SLICE_X47Y45         FDCE                                         r  u_pl/fs0_reg/C
                         clock pessimism              0.000     1.195    
                         clock uncertainty            0.342     1.537    
    SLICE_X47Y45         FDCE (Hold_fdce_C_D)         0.066     1.603    u_pl/fs0_reg
  -------------------------------------------------------------------
                         required time                         -1.603    
                         arrival time                           1.838    
  -------------------------------------------------------------------
                         slack                                  0.235    





---------------------------------------------------------------------------------------------------
From Clock:  clkout0_1
  To Clock:  sys_clk

Setup :            0  Failing Endpoints,  Worst Slack       18.143ns,  Total Violation        0.000ns
Hold  :            0  Failing Endpoints,  Worst Slack        0.071ns,  Total Violation        0.000ns
---------------------------------------------------------------------------------------------------


Max Delay Paths
--------------------------------------------------------------------------------------
Slack (MET) :             18.143ns  (required time - arrival time)
  Source:                 u_pl/vs_pix_d1_reg/C
                            (rising edge-triggered cell FDRE clocked by clkout0_1  {rise@0.000ns fall@10.000ns period=20.000ns})
  Destination:            u_pl/vt0_reg/D
                            (rising edge-triggered cell FDRE clocked by sys_clk  {rise@0.000ns fall@10.000ns period=20.000ns})
  Path Group:             sys_clk
  Path Type:              Setup (Max at Slow Process Corner)
  Requirement:            20.000ns  (sys_clk rise@20.000ns - clkout0_1 rise@0.000ns)
  Data Path Delay:        1.469ns  (logic 0.484ns (32.937%)  route 0.985ns (67.063%))
  Logic Levels:           1  (LUT2=1)
  Clock Path Skew:        -0.158ns (DCD - SCD + CPR)
    Destination Clock Delay (DCD):    4.412ns = ( 24.412 - 20.000 ) 
    Source Clock Delay      (SCD):    4.816ns
    Clock Pessimism Removal (CPR):    0.246ns
  Clock Uncertainty:      0.259ns  ((TSJ^2 + DJ^2)^1/2) / 2 + PE
    Total System Jitter     (TSJ):    0.071ns
    Discrete Jitter          (DJ):    0.175ns
    Phase Error              (PE):    0.165ns

    Location             Delay type                Incr(ns)  Path(ns)    Netlist Resource(s)
  -------------------------------------------------------------------    -------------------
                         (clock clkout0_1 rise edge)
                                                      0.000     0.000 r  
    W17                                               0.000     0.000 r  sys_clk (IN)
                         net (fo=0)                   0.000     0.000    sys_clk
    W17                  IBUF (Prop_ibuf_I_O)         1.415     1.415 r  sys_clk_IBUF_inst/O
                         net (fo=1, routed)           1.873     3.288    sys_clk_IBUF
    BUFGCTRL_X0Y4        BUFG (Prop_bufg_I_O)         0.085     3.373 r  sys_clk_IBUF_BUFG_inst/O
                         net (fo=155, routed)         1.550     4.923    u_pl/u_clk/sys_clk_IBUF_BUFG
    MMCME2_ADV_X1Y0      MMCME2_ADV (Prop_mmcme2_adv_CLKIN1_CLKOUT0)
                                                     -3.232     1.691 r  u_pl/u_clk/u_mmcm/CLKOUT0
                         net (fo=1, routed)           1.597     3.288    u_pl/u_clk/clkout0
    BUFGCTRL_X0Y1        BUFG (Prop_bufg_I_O)         0.085     3.373 r  u_pl/u_clk/u_bufg_pix/O
                         net (fo=1011, routed)        1.443     4.816    u_pl/clk_pix
    SLICE_X56Y52         FDRE                                         r  u_pl/vs_pix_d1_reg/C
  -------------------------------------------------------------------    -------------------
    SLICE_X56Y52         FDRE (Prop_fdre_C_Q)         0.379     5.195 f  u_pl/vs_pix_d1_reg/Q
                         net (fo=1, routed)           0.985     6.181    u_pl/vs_pix_d1
    SLICE_X55Y52         LUT2 (Prop_lut2_I1_O)        0.105     6.286 r  u_pl/vt0_i_1/O
                         net (fo=1, routed)           0.000     6.286    u_pl/vs_tick
    SLICE_X55Y52         FDRE                                         r  u_pl/vt0_reg/D
  -------------------------------------------------------------------    -------------------

                         (clock sys_clk rise edge)   20.000    20.000 r  
    W17                                               0.000    20.000 r  sys_clk (IN)
                         net (fo=0)                   0.000    20.000    sys_clk
    W17                  IBUF (Prop_ibuf_I_O)         1.349    21.349 r  sys_clk_IBUF_inst/O
                         net (fo=1, routed)           1.701    23.050    sys_clk_IBUF
    BUFGCTRL_X0Y4        BUFG (Prop_bufg_I_O)         0.077    23.127 r  sys_clk_IBUF_BUFG_inst/O
                         net (fo=155, routed)         1.285    24.412    u_pl/sys_clk_IBUF_BUFG
    SLICE_X55Y52         FDRE                                         r  u_pl/vt0_reg/C
                         clock pessimism              0.246    24.658    
                         clock uncertainty           -0.259    24.399    
    SLICE_X55Y52         FDRE (Setup_fdre_C_D)        0.030    24.429    u_pl/vt0_reg
  -------------------------------------------------------------------
                         required time                         24.429    
                         arrival time                          -6.286    
  -------------------------------------------------------------------
                         slack                                 18.143    





Min Delay Paths
--------------------------------------------------------------------------------------
Slack (MET) :             0.071ns  (arrival time - required time)
  Source:                 u_pl/vs_pix_d1_reg/C
                            (rising edge-triggered cell FDRE clocked by clkout0_1  {rise@0.000ns fall@10.000ns period=20.000ns})
  Destination:            u_pl/vt0_reg/D
                            (rising edge-triggered cell FDRE clocked by sys_clk  {rise@0.000ns fall@10.000ns period=20.000ns})
  Path Group:             sys_clk
  Path Type:              Hold (Min at Fast Process Corner)
  Requirement:            0.000ns  (sys_clk rise@0.000ns - clkout0_1 rise@0.000ns)
  Data Path Delay:        0.689ns  (logic 0.186ns (26.977%)  route 0.503ns (73.023%))
  Logic Levels:           1  (LUT2=1)
  Clock Path Skew:        0.268ns (DCD - SCD - CPR)
    Destination Clock Delay (DCD):    2.048ns
    Source Clock Delay      (SCD):    1.532ns
    Clock Pessimism Removal (CPR):    0.248ns
  Clock Uncertainty:      0.259ns  ((TSJ^2 + DJ^2)^1/2) / 2 + PE
    Total System Jitter     (TSJ):    0.071ns
    Discrete Jitter          (DJ):    0.175ns
    Phase Error              (PE):    0.165ns

    Location             Delay type                Incr(ns)  Path(ns)    Netlist Resource(s)
  -------------------------------------------------------------------    -------------------
                         (clock clkout0_1 rise edge)
                                                      0.000     0.000 r  
    W17                                               0.000     0.000 r  sys_clk (IN)
                         net (fo=0)                   0.000     0.000    sys_clk
    W17                  IBUF (Prop_ibuf_I_O)         0.252     0.252 r  sys_clk_IBUF_inst/O
                         net (fo=1, routed)           0.674     0.926    sys_clk_IBUF
    BUFGCTRL_X0Y4        BUFG (Prop_bufg_I_O)         0.026     0.952 r  sys_clk_IBUF_BUFG_inst/O
                         net (fo=155, routed)         0.595     1.547    u_pl/u_clk/sys_clk_IBUF_BUFG
    MMCME2_ADV_X1Y0      MMCME2_ADV (Prop_mmcme2_adv_CLKIN1_CLKOUT0)
                                                     -1.150     0.397 r  u_pl/u_clk/u_mmcm/CLKOUT0
                         net (fo=1, routed)           0.529     0.926    u_pl/u_clk/clkout0
    BUFGCTRL_X0Y1        BUFG (Prop_bufg_I_O)         0.026     0.952 r  u_pl/u_clk/u_bufg_pix/O
                         net (fo=1011, routed)        0.580     1.532    u_pl/clk_pix
    SLICE_X56Y52         FDRE                                         r  u_pl/vs_pix_d1_reg/C
  -------------------------------------------------------------------    -------------------
    SLICE_X56Y52         FDRE (Prop_fdre_C_Q)         0.141     1.673 f  u_pl/vs_pix_d1_reg/Q
                         net (fo=1, routed)           0.503     2.176    u_pl/vs_pix_d1
    SLICE_X55Y52         LUT2 (Prop_lut2_I1_O)        0.045     2.221 r  u_pl/vt0_i_1/O
                         net (fo=1, routed)           0.000     2.221    u_pl/vs_tick
    SLICE_X55Y52         FDRE                                         r  u_pl/vt0_reg/D
  -------------------------------------------------------------------    -------------------

                         (clock sys_clk rise edge)    0.000     0.000 r  
    W17                                               0.000     0.000 r  sys_clk (IN)
                         net (fo=0)                   0.000     0.000    sys_clk
    W17                  IBUF (Prop_ibuf_I_O)         0.440     0.440 r  sys_clk_IBUF_inst/O
                         net (fo=1, routed)           0.731     1.171    sys_clk_IBUF
    BUFGCTRL_X0Y4        BUFG (Prop_bufg_I_O)         0.029     1.200 r  sys_clk_IBUF_BUFG_inst/O
                         net (fo=155, routed)         0.848     2.048    u_pl/sys_clk_IBUF_BUFG
    SLICE_X55Y52         FDRE                                         r  u_pl/vt0_reg/C
                         clock pessimism             -0.248     1.800    
                         clock uncertainty            0.259     2.059    
    SLICE_X55Y52         FDRE (Hold_fdre_C_D)         0.091     2.150    u_pl/vt0_reg
  -------------------------------------------------------------------
                         required time                         -2.150    
                         arrival time                           2.221    
  -------------------------------------------------------------------
                         slack                                  0.071    





---------------------------------------------------------------------------------------------------
From Clock:  clk_fpga_0
  To Clock:  clkout0_1

Setup :            0  Failing Endpoints,  Worst Slack        1.073ns,  Total Violation        0.000ns
Hold  :            0  Failing Endpoints,  Worst Slack        0.172ns,  Total Violation        0.000ns
---------------------------------------------------------------------------------------------------


Max Delay Paths
--------------------------------------------------------------------------------------
Slack (MET) :             1.073ns  (required time - arrival time)
  Source:                 u_bd/design_1_i/axi_gpio_0/U0/gpio_core_1/Not_Dual.gpio_Data_Out_reg[15]/C
                            (rising edge-triggered cell FDRE clocked by clk_fpga_0  {rise@0.000ns fall@5.000ns period=10.000ns})
  Destination:            u_pl/u_pipe/u_gray/dout_reg[14]/D
                            (rising edge-triggered cell FDCE clocked by clkout0_1  {rise@0.000ns fall@10.000ns period=20.000ns})
  Path Group:             clkout0_1
  Path Type:              Setup (Max at Slow Process Corner)
  Requirement:            10.000ns  (clkout0_1 rise@20.000ns - clk_fpga_0 rise@10.000ns)
  Data Path Delay:        10.569ns  (logic 4.149ns (39.258%)  route 6.420ns (60.742%))
  Logic Levels:           14  (CARRY4=7 LUT2=3 LUT3=2 LUT4=1 LUT6=1)
  Clock Path Skew:        1.910ns (DCD - SCD + CPR)
    Destination Clock Delay (DCD):    4.378ns = ( 24.378 - 20.000 ) 
    Source Clock Delay      (SCD):    2.468ns = ( 12.468 - 10.000 ) 
    Clock Pessimism Removal (CPR):    0.000ns
  Clock Uncertainty:      0.342ns  ((TSJ^2 + TIJ^2 + DJ^2)^1/2) / 2 + PE
    Total System Jitter     (TSJ):    0.071ns
    Total Input Jitter      (TIJ):    0.300ns
    Discrete Jitter          (DJ):    0.175ns
    Phase Error              (PE):    0.165ns
  Clock Domain Crossing:  Inter clock paths are considered valid unless explicitly excluded by timing constraints such as set_clock_groups or set_false_path.

    Location             Delay type                Incr(ns)  Path(ns)    Netlist Resource(s)
  -------------------------------------------------------------------    -------------------
                         (clock clk_fpga_0 rise edge)
                                                     10.000    10.000 r  
    PS7_X0Y0             PS7                          0.000    10.000 r  u_bd/design_1_i/processing_system7_0/inst/PS7_i/FCLKCLK[0]
                         net (fo=1, routed)           0.994    10.994    u_bd/design_1_i/processing_system7_0/inst/FCLK_CLK_unbuffered[0]
    BUFGCTRL_X0Y16       BUFG (Prop_bufg_I_O)         0.085    11.079 r  u_bd/design_1_i/processing_system7_0/inst/buffer_fclk_clk_0.FCLK_CLK_0_BUFG/O
                         net (fo=1271, routed)        1.389    12.468    u_bd/design_1_i/axi_gpio_0/U0/gpio_core_1/s_axi_aclk
    SLICE_X42Y57         FDRE                                         r  u_bd/design_1_i/axi_gpio_0/U0/gpio_core_1/Not_Dual.gpio_Data_Out_reg[15]/C
  -------------------------------------------------------------------    -------------------
    SLICE_X42Y57         FDRE (Prop_fdre_C_Q)         0.433    12.901 r  u_bd/design_1_i/axi_gpio_0/U0/gpio_core_1/Not_Dual.gpio_Data_Out_reg[15]/Q
                         net (fo=32, routed)          3.184    16.085    u_pl/u_fb/GPIO_0_tri_o[0]
    SLICE_X50Y42         LUT6 (Prop_lut6_I2_O)        0.105    16.190 r  u_pl/u_fb/y161_carry__0_i_2__1/O
                         net (fo=13, routed)          0.539    16.729    u_pl/u_fb/src_pix[13]
    SLICE_X48Y42         LUT2 (Prop_lut2_I0_O)        0.105    16.834 r  u_pl/u_fb/y161_carry__0_i_6/O
                         net (fo=1, routed)           0.000    16.834    u_pl/u_pipe/u_gray/y161__24_carry_0[0]
    SLICE_X48Y42         CARRY4 (Prop_carry4_S[0]_O[3])
                                                      0.503    17.337 r  u_pl/u_pipe/u_gray/y161_carry__0/O[3]
                         net (fo=2, routed)           0.593    17.930    u_pl/u_fb/y161__24_carry__0[2]
    SLICE_X47Y41         LUT3 (Prop_lut3_I1_O)        0.280    18.210 r  u_pl/u_fb/y161__24_carry__0_i_1__0/O
                         net (fo=2, routed)           0.466    18.676    u_pl/u_fb/oob_d1_reg_20[2]
    SLICE_X47Y41         LUT4 (Prop_lut4_I3_O)        0.268    18.944 r  u_pl/u_fb/y161__24_carry__0_i_4__0/O
                         net (fo=1, routed)           0.000    18.944    u_pl/u_pipe/u_gray/y16_carry__0_i_2__0_1[3]
    SLICE_X47Y41         CARRY4 (Prop_carry4_S[3]_CO[3])
                                                      0.332    19.276 r  u_pl/u_pipe/u_gray/y161__24_carry__0/CO[3]
                         net (fo=1, routed)           0.000    19.276    u_pl/u_pipe/u_gray/y161__24_carry__0_n_0
    SLICE_X47Y42         CARRY4 (Prop_carry4_CI_O[1])
                                                      0.265    19.541 r  u_pl/u_pipe/u_gray/y161__24_carry__1/O[1]
                         net (fo=1, routed)           0.439    19.980    u_pl/u_fb/y16_carry__2_1[0]
    SLICE_X44Y41         LUT2 (Prop_lut2_I1_O)        0.250    20.230 r  u_pl/u_fb/y16_carry__1_i_1__0/O
                         net (fo=1, routed)           0.000    20.230    u_pl/u_pipe/u_gray/y16__41_carry__0_i_1__0_0[0]
    SLICE_X44Y41         CARRY4 (Prop_carry4_S[3]_CO[3])
                                                      0.332    20.562 r  u_pl/u_pipe/u_gray/y16_carry__1/CO[3]
                         net (fo=1, routed)           0.000    20.562    u_pl/u_pipe/u_gray/y16_carry__1_n_0
    SLICE_X44Y42         CARRY4 (Prop_carry4_CI_O[0])
                                                      0.180    20.742 r  u_pl/u_pipe/u_gray/y16_carry__2/O[0]
                         net (fo=1, routed)           0.592    21.334    u_pl/u_pipe/u_gray/C__0[12]
    SLICE_X43Y41         LUT2 (Prop_lut2_I1_O)        0.249    21.583 r  u_pl/u_pipe/u_gray/y16__41_carry__1_i_1__0/O
                         net (fo=1, routed)           0.000    21.583    u_pl/u_pipe/u_gray/y16__41_carry__1_i_1__0_n_0
    SLICE_X43Y41         CARRY4 (Prop_carry4_S[3]_CO[3])
                                                      0.332    21.915 r  u_pl/u_pipe/u_gray/y16__41_carry__1/CO[3]
                         net (fo=1, routed)           0.000    21.915    u_pl/u_pipe/u_gray/y16__41_carry__1_n_0
    SLICE_X43Y42         CARRY4 (Prop_carry4_CI_O[1])
                                                      0.265    22.180 r  u_pl/u_pipe/u_gray/y16__41_carry__2/O[1]
                         net (fo=3, routed)           0.607    22.787    u_pl/u_fb/y16[4]
    SLICE_X42Y43         LUT3 (Prop_lut3_I1_O)        0.250    23.037 r  u_pl/u_fb/u_gray/dout[14]_i_1/O
                         net (fo=1, routed)           0.000    23.037    u_pl/u_pipe/u_gray/dout_reg[15]_1[14]
    SLICE_X42Y43         FDCE                                         r  u_pl/u_pipe/u_gray/dout_reg[14]/D
  -------------------------------------------------------------------    -------------------

                         (clock clkout0_1 rise edge)
                                                     20.000    20.000 r  
    W17                                               0.000    20.000 r  sys_clk (IN)
                         net (fo=0)                   0.000    20.000    sys_clk
    W17                  IBUF (Prop_ibuf_I_O)         1.349    21.349 r  sys_clk_IBUF_inst/O
                         net (fo=1, routed)           1.701    23.050    sys_clk_IBUF
    BUFGCTRL_X0Y4        BUFG (Prop_bufg_I_O)         0.077    23.127 r  sys_clk_IBUF_BUFG_inst/O
                         net (fo=155, routed)         1.384    24.511    u_pl/u_clk/sys_clk_IBUF_BUFG
    MMCME2_ADV_X1Y0      MMCME2_ADV (Prop_mmcme2_adv_CLKIN1_CLKOUT0)
                                                     -2.915    21.596 r  u_pl/u_clk/u_mmcm/CLKOUT0
                         net (fo=1, routed)           1.454    23.050    u_pl/u_clk/clkout0
    BUFGCTRL_X0Y1        BUFG (Prop_bufg_I_O)         0.077    23.127 r  u_pl/u_clk/u_bufg_pix/O
                         net (fo=1011, routed)        1.251    24.378    u_pl/u_pipe/u_gray/clk_pix
    SLICE_X42Y43         FDCE                                         r  u_pl/u_pipe/u_gray/dout_reg[14]/C
                         clock pessimism              0.000    24.378    
                         clock uncertainty           -0.342    24.036    
    SLICE_X42Y43         FDCE (Setup_fdce_C_D)        0.074    24.110    u_pl/u_pipe/u_gray/dout_reg[14]
  -------------------------------------------------------------------
                         required time                         24.110    
                         arrival time                         -23.037    
  -------------------------------------------------------------------
                         slack                                  1.073    





Min Delay Paths
--------------------------------------------------------------------------------------
Slack (MET) :             0.172ns  (arrival time - required time)
  Source:                 u_bd/design_1_i/axi_gpio_0/U0/gpio_core_1/Not_Dual.gpio_Data_Out_reg[19]/C
                            (rising edge-triggered cell FDRE clocked by clk_fpga_0  {rise@0.000ns fall@5.000ns period=10.000ns})
  Destination:            u_pl/u_eff/th_meta_reg[4]/D
                            (rising edge-triggered cell FDPE clocked by clkout0_1  {rise@0.000ns fall@10.000ns period=20.000ns})
  Path Group:             clkout0_1
  Path Type:              Hold (Min at Slow Process Corner)
  Requirement:            0.000ns  (clkout0_1 rise@0.000ns - clk_fpga_0 rise@0.000ns)
  Data Path Delay:        3.063ns  (logic 0.279ns (9.110%)  route 2.784ns (90.890%))
  Logic Levels:           0  
  Clock Path Skew:        2.501ns (DCD - SCD - CPR)
    Destination Clock Delay (DCD):    4.759ns
    Source Clock Delay      (SCD):    2.259ns
    Clock Pessimism Removal (CPR):    -0.000ns
  Clock Uncertainty:      0.342ns  ((TSJ^2 + TIJ^2 + DJ^2)^1/2) / 2 + PE
    Total System Jitter     (TSJ):    0.071ns
    Total Input Jitter      (TIJ):    0.300ns
    Discrete Jitter          (DJ):    0.175ns
    Phase Error              (PE):    0.165ns
  Clock Domain Crossing:  Inter clock paths are considered valid unless explicitly excluded by timing constraints such as set_clock_groups or set_false_path.

    Location             Delay type                Incr(ns)  Path(ns)    Netlist Resource(s)
  -------------------------------------------------------------------    -------------------
                         (clock clk_fpga_0 rise edge)
                                                      0.000     0.000 r  
    PS7_X0Y0             PS7                          0.000     0.000 r  u_bd/design_1_i/processing_system7_0/inst/PS7_i/FCLKCLK[0]
                         net (fo=1, routed)           0.905     0.905    u_bd/design_1_i/processing_system7_0/inst/FCLK_CLK_unbuffered[0]
    BUFGCTRL_X0Y16       BUFG (Prop_bufg_I_O)         0.077     0.982 r  u_bd/design_1_i/processing_system7_0/inst/buffer_fclk_clk_0.FCLK_CLK_0_BUFG/O
                         net (fo=1271, routed)        1.276     2.259    u_bd/design_1_i/axi_gpio_0/U0/gpio_core_1/s_axi_aclk
    SLICE_X31Y94         FDRE                                         r  u_bd/design_1_i/axi_gpio_0/U0/gpio_core_1/Not_Dual.gpio_Data_Out_reg[19]/C
  -------------------------------------------------------------------    -------------------
    SLICE_X31Y94         FDRE (Prop_fdre_C_Q)         0.279     2.538 r  u_bd/design_1_i/axi_gpio_0/U0/gpio_core_1/Not_Dual.gpio_Data_Out_reg[19]/Q
                         net (fo=2, routed)           2.784     5.321    u_pl/u_eff/GPIO_0_tri_o[9]
    SLICE_X33Y85         FDPE                                         r  u_pl/u_eff/th_meta_reg[4]/D
  -------------------------------------------------------------------    -------------------

                         (clock clkout0_1 rise edge)
                                                      0.000     0.000 r  
    W17                                               0.000     0.000 r  sys_clk (IN)
                         net (fo=0)                   0.000     0.000    sys_clk
    W17                  IBUF (Prop_ibuf_I_O)         1.415     1.415 r  sys_clk_IBUF_inst/O
                         net (fo=1, routed)           1.873     3.288    sys_clk_IBUF
    BUFGCTRL_X0Y4        BUFG (Prop_bufg_I_O)         0.085     3.373 r  sys_clk_IBUF_BUFG_inst/O
                         net (fo=155, routed)         1.550     4.923    u_pl/u_clk/sys_clk_IBUF_BUFG
    MMCME2_ADV_X1Y0      MMCME2_ADV (Prop_mmcme2_adv_CLKIN1_CLKOUT0)
                                                     -3.232     1.691 r  u_pl/u_clk/u_mmcm/CLKOUT0
                         net (fo=1, routed)           1.597     3.288    u_pl/u_clk/clkout0
    BUFGCTRL_X0Y1        BUFG (Prop_bufg_I_O)         0.085     3.373 r  u_pl/u_clk/u_bufg_pix/O
                         net (fo=1011, routed)        1.386     4.759    u_pl/u_eff/clk_pix
    SLICE_X33Y85         FDPE                                         r  u_pl/u_eff/th_meta_reg[4]/C
                         clock pessimism              0.000     4.759    
                         clock uncertainty            0.342     5.101    
    SLICE_X33Y85         FDPE (Hold_fdpe_C_D)         0.048     5.149    u_pl/u_eff/th_meta_reg[4]
  -------------------------------------------------------------------
                         required time                         -5.149    
                         arrival time                           5.321    
  -------------------------------------------------------------------
                         slack                                  0.172    





---------------------------------------------------------------------------------------------------
From Clock:  eth_rxc
  To Clock:  clkout0_1

Setup :           32  Failing Endpoints,  Worst Slack       -6.158ns,  Total Violation     -107.100ns
Hold  :            0  Failing Endpoints,  Worst Slack        0.403ns,  Total Violation        0.000ns
---------------------------------------------------------------------------------------------------


Max Delay Paths
--------------------------------------------------------------------------------------
Slack (VIOLATED) :        -6.158ns  (required time - arrival time)
  Source:                 u_eth/u_reasm/stat_pkts_reg[13]/C
                            (rising edge-triggered cell FDCE clocked by eth_rxc  {rise@0.000ns fall@4.000ns period=8.000ns})
  Destination:            u_pl/u_pipe/u_gray/dout_reg[14]/D
                            (rising edge-triggered cell FDCE clocked by clkout0_1  {rise@0.000ns fall@10.000ns period=20.000ns})
  Path Group:             clkout0_1
  Path Type:              Setup (Max at Slow Process Corner)
  Requirement:            4.000ns  (clkout0_1 rise@20.000ns - eth_rxc rise@16.000ns)
  Data Path Delay:        9.560ns  (logic 4.375ns (45.762%)  route 5.185ns (54.238%))
  Logic Levels:           16  (CARRY4=8 LUT2=2 LUT3=2 LUT4=1 LUT6=3)
  Clock Path Skew:        -0.412ns (DCD - SCD + CPR)
    Destination Clock Delay (DCD):    4.378ns = ( 24.378 - 20.000 ) 
    Source Clock Delay      (SCD):    4.791ns = ( 20.791 - 16.000 ) 
    Clock Pessimism Removal (CPR):    0.000ns
  Clock Uncertainty:      0.259ns  ((TSJ^2 + DJ^2)^1/2) / 2 + PE
    Total System Jitter     (TSJ):    0.071ns
    Discrete Jitter          (DJ):    0.175ns
    Phase Error              (PE):    0.165ns
  Clock Domain Crossing:  Inter clock paths are considered valid unless explicitly excluded by timing constraints such as set_clock_groups or set_false_path.

    Location             Delay type                Incr(ns)  Path(ns)    Netlist Resource(s)
  -------------------------------------------------------------------    -------------------
                         (clock eth_rxc rise edge)   16.000    16.000 r  
    Y19                                               0.000    16.000 r  eth_rxc (IN)
                         net (fo=0)                   0.000    16.000    eth_rxc
    Y19                  IBUF (Prop_ibuf_I_O)         1.430    17.430 r  eth_rxc_IBUF_inst/O
                         net (fo=2, routed)           1.873    19.303    u_eth/u_rgmii/u_rgmii_rx/rgmii_rxc
    BUFGCTRL_X0Y0        BUFG (Prop_bufg_I_O)         0.085    19.388 r  u_eth/u_rgmii/u_rgmii_rx/BUFG_inst/O
                         net (fo=22546, routed)       1.403    20.791    u_eth/u_reasm/gmii_rx_clk
    SLICE_X49Y44         FDCE                                         r  u_eth/u_reasm/stat_pkts_reg[13]/C
  -------------------------------------------------------------------    -------------------
    SLICE_X49Y44         FDCE (Prop_fdce_C_Q)         0.379    21.170 r  u_eth/u_reasm/stat_pkts_reg[13]/Q
                         net (fo=2, routed)           0.673    21.843    u_eth/u_reasm_n_16
    SLICE_X51Y44         LUT6 (Prop_lut6_I3_O)        0.105    21.948 r  u_eth/led_OBUF[1]_inst_i_3/O
                         net (fo=1, routed)           0.682    22.630    u_eth/led_OBUF[1]_inst_i_3_n_0
    SLICE_X51Y44         LUT6 (Prop_lut6_I4_O)        0.105    22.735 r  u_eth/led_OBUF[1]_inst_i_2/O
                         net (fo=155, routed)         0.519    23.254    u_pl/u_fb/eth_link
    SLICE_X51Y44         LUT6 (Prop_lut6_I3_O)        0.105    23.359 r  u_pl/u_fb/y161_carry_i_3__1/O
                         net (fo=11, routed)          0.615    23.974    u_pl/u_pipe/u_gray/D[15]
    SLICE_X48Y41         CARRY4 (Prop_carry4_DI[1]_CO[3])
                                                      0.418    24.392 r  u_pl/u_pipe/u_gray/y161_carry/CO[3]
                         net (fo=1, routed)           0.000    24.392    u_pl/u_pipe/u_gray/y161_carry_n_0
    SLICE_X48Y42         CARRY4 (Prop_carry4_CI_O[3])
                                                      0.260    24.652 r  u_pl/u_pipe/u_gray/y161_carry__0/O[3]
                         net (fo=2, routed)           0.593    25.244    u_pl/u_fb/y161__24_carry__0[2]
    SLICE_X47Y41         LUT3 (Prop_lut3_I1_O)        0.280    25.524 r  u_pl/u_fb/y161__24_carry__0_i_1__0/O
                         net (fo=2, routed)           0.466    25.991    u_pl/u_fb/oob_d1_reg_20[2]
    SLICE_X47Y41         LUT4 (Prop_lut4_I3_O)        0.268    26.259 r  u_pl/u_fb/y161__24_carry__0_i_4__0/O
                         net (fo=1, routed)           0.000    26.259    u_pl/u_pipe/u_gray/y16_carry__0_i_2__0_1[3]
    SLICE_X47Y41         CARRY4 (Prop_carry4_S[3]_CO[3])
                                                      0.332    26.591 r  u_pl/u_pipe/u_gray/y161__24_carry__0/CO[3]
                         net (fo=1, routed)           0.000    26.591    u_pl/u_pipe/u_gray/y161__24_carry__0_n_0
    SLICE_X47Y42         CARRY4 (Prop_carry4_CI_O[1])
                                                      0.265    26.856 r  u_pl/u_pipe/u_gray/y161__24_carry__1/O[1]
                         net (fo=1, routed)           0.439    27.295    u_pl/u_fb/y16_carry__2_1[0]
    SLICE_X44Y41         LUT2 (Prop_lut2_I1_O)        0.250    27.545 r  u_pl/u_fb/y16_carry__1_i_1__0/O
                         net (fo=1, routed)           0.000    27.545    u_pl/u_pipe/u_gray/y16__41_carry__0_i_1__0_0[0]
    SLICE_X44Y41         CARRY4 (Prop_carry4_S[3]_CO[3])
                                                      0.332    27.877 r  u_pl/u_pipe/u_gray/y16_carry__1/CO[3]
                         net (fo=1, routed)           0.000    27.877    u_pl/u_pipe/u_gray/y16_carry__1_n_0
    SLICE_X44Y42         CARRY4 (Prop_carry4_CI_O[0])
                                                      0.180    28.057 r  u_pl/u_pipe/u_gray/y16_carry__2/O[0]
                         net (fo=1, routed)           0.592    28.648    u_pl/u_pipe/u_gray/C__0[12]
    SLICE_X43Y41         LUT2 (Prop_lut2_I1_O)        0.249    28.897 r  u_pl/u_pipe/u_gray/y16__41_carry__1_i_1__0/O
                         net (fo=1, routed)           0.000    28.897    u_pl/u_pipe/u_gray/y16__41_carry__1_i_1__0_n_0
    SLICE_X43Y41         CARRY4 (Prop_carry4_S[3]_CO[3])
                                                      0.332    29.229 r  u_pl/u_pipe/u_gray/y16__41_carry__1/CO[3]
                         net (fo=1, routed)           0.000    29.229    u_pl/u_pipe/u_gray/y16__41_carry__1_n_0
    SLICE_X43Y42         CARRY4 (Prop_carry4_CI_O[1])
                                                      0.265    29.494 r  u_pl/u_pipe/u_gray/y16__41_carry__2/O[1]
                         net (fo=3, routed)           0.607    30.101    u_pl/u_fb/y16[4]
    SLICE_X42Y43         LUT3 (Prop_lut3_I1_O)        0.250    30.351 r  u_pl/u_fb/u_gray/dout[14]_i_1/O
                         net (fo=1, routed)           0.000    30.351    u_pl/u_pipe/u_gray/dout_reg[15]_1[14]
    SLICE_X42Y43         FDCE                                         r  u_pl/u_pipe/u_gray/dout_reg[14]/D
  -------------------------------------------------------------------    -------------------

                         (clock clkout0_1 rise edge)
                                                     20.000    20.000 r  
    W17                                               0.000    20.000 r  sys_clk (IN)
                         net (fo=0)                   0.000    20.000    sys_clk
    W17                  IBUF (Prop_ibuf_I_O)         1.349    21.349 r  sys_clk_IBUF_inst/O
                         net (fo=1, routed)           1.701    23.050    sys_clk_IBUF
    BUFGCTRL_X0Y4        BUFG (Prop_bufg_I_O)         0.077    23.127 r  sys_clk_IBUF_BUFG_inst/O
                         net (fo=155, routed)         1.384    24.511    u_pl/u_clk/sys_clk_IBUF_BUFG
    MMCME2_ADV_X1Y0      MMCME2_ADV (Prop_mmcme2_adv_CLKIN1_CLKOUT0)
                                                     -2.915    21.596 r  u_pl/u_clk/u_mmcm/CLKOUT0
                         net (fo=1, routed)           1.454    23.050    u_pl/u_clk/clkout0
    BUFGCTRL_X0Y1        BUFG (Prop_bufg_I_O)         0.077    23.127 r  u_pl/u_clk/u_bufg_pix/O
                         net (fo=1011, routed)        1.251    24.378    u_pl/u_pipe/u_gray/clk_pix
    SLICE_X42Y43         FDCE                                         r  u_pl/u_pipe/u_gray/dout_reg[14]/C
                         clock pessimism              0.000    24.378    
                         clock uncertainty           -0.259    24.119    
    SLICE_X42Y43         FDCE (Setup_fdce_C_D)        0.074    24.193    u_pl/u_pipe/u_gray/dout_reg[14]
  -------------------------------------------------------------------
                         required time                         24.193    
                         arrival time                         -30.351    
  -------------------------------------------------------------------
                         slack                                 -6.158    





Min Delay Paths
--------------------------------------------------------------------------------------
Slack (MET) :             0.403ns  (arrival time - required time)
  Source:                 u_eth/u_reasm/stat_pkts_reg[2]/C
                            (rising edge-triggered cell FDCE clocked by eth_rxc  {rise@0.000ns fall@4.000ns period=8.000ns})
  Destination:            u_pl/fs_tog_reg/D
                            (rising edge-triggered cell FDCE clocked by clkout0_1  {rise@0.000ns fall@10.000ns period=20.000ns})
  Path Group:             clkout0_1
  Path Type:              Hold (Min at Fast Process Corner)
  Requirement:            0.000ns  (clkout0_1 rise@0.000ns - eth_rxc rise@0.000ns)
  Data Path Delay:        1.258ns  (logic 0.231ns (18.362%)  route 1.027ns (81.638%))
  Logic Levels:           2  (LUT4=1 LUT6=1)
  Clock Path Skew:        0.505ns (DCD - SCD - CPR)
    Destination Clock Delay (DCD):    2.027ns
    Source Clock Delay      (SCD):    1.522ns
    Clock Pessimism Removal (CPR):    -0.000ns
  Clock Uncertainty:      0.259ns  ((TSJ^2 + DJ^2)^1/2) / 2 + PE
    Total System Jitter     (TSJ):    0.071ns
    Discrete Jitter          (DJ):    0.175ns
    Phase Error              (PE):    0.165ns
  Clock Domain Crossing:  Inter clock paths are considered valid unless explicitly excluded by timing constraints such as set_clock_groups or set_false_path.

    Location             Delay type                Incr(ns)  Path(ns)    Netlist Resource(s)
  -------------------------------------------------------------------    -------------------
                         (clock eth_rxc rise edge)    0.000     0.000 r  
    Y19                                               0.000     0.000 r  eth_rxc (IN)
                         net (fo=0)                   0.000     0.000    eth_rxc
    Y19                  IBUF (Prop_ibuf_I_O)         0.266     0.266 r  eth_rxc_IBUF_inst/O
                         net (fo=2, routed)           0.674     0.940    u_eth/u_rgmii/u_rgmii_rx/rgmii_rxc
    BUFGCTRL_X0Y0        BUFG (Prop_bufg_I_O)         0.026     0.966 r  u_eth/u_rgmii/u_rgmii_rx/BUFG_inst/O
                         net (fo=22546, routed)       0.556     1.522    u_eth/u_reasm/gmii_rx_clk
    SLICE_X51Y44         FDCE                                         r  u_eth/u_reasm/stat_pkts_reg[2]/C
  -------------------------------------------------------------------    -------------------
    SLICE_X51Y44         FDCE (Prop_fdce_C_Q)         0.141     1.663 r  u_eth/u_reasm/stat_pkts_reg[2]/Q
                         net (fo=2, routed)           0.339     2.002    u_eth/u_reasm_n_4
    SLICE_X51Y44         LUT6 (Prop_lut6_I0_O)        0.045     2.047 r  u_eth/led_OBUF[1]_inst_i_2/O
                         net (fo=155, routed)         0.688     2.735    u_pl/u_t/u_t/eth_link
    SLICE_X49Y46         LUT4 (Prop_lut4_I2_O)        0.045     2.780 r  u_pl/u_t/u_t/fs_tog_i_1/O
                         net (fo=1, routed)           0.000     2.780    u_pl/u_t_n_1
    SLICE_X49Y46         FDCE                                         r  u_pl/fs_tog_reg/D
  -------------------------------------------------------------------    -------------------

                         (clock clkout0_1 rise edge)
                                                      0.000     0.000 r  
    W17                                               0.000     0.000 r  sys_clk (IN)
                         net (fo=0)                   0.000     0.000    sys_clk
    W17                  IBUF (Prop_ibuf_I_O)         0.440     0.440 r  sys_clk_IBUF_inst/O
                         net (fo=1, routed)           0.731     1.171    sys_clk_IBUF
    BUFGCTRL_X0Y4        BUFG (Prop_bufg_I_O)         0.029     1.200 r  sys_clk_IBUF_BUFG_inst/O
                         net (fo=155, routed)         0.862     2.062    u_pl/u_clk/sys_clk_IBUF_BUFG
    MMCME2_ADV_X1Y0      MMCME2_ADV (Prop_mmcme2_adv_CLKIN1_CLKOUT0)
                                                     -1.467     0.595 r  u_pl/u_clk/u_mmcm/CLKOUT0
                         net (fo=1, routed)           0.576     1.171    u_pl/u_clk/clkout0
    BUFGCTRL_X0Y1        BUFG (Prop_bufg_I_O)         0.029     1.200 r  u_pl/u_clk/u_bufg_pix/O
                         net (fo=1011, routed)        0.827     2.027    u_pl/clk_pix
    SLICE_X49Y46         FDCE                                         r  u_pl/fs_tog_reg/C
                         clock pessimism              0.000     2.027    
                         clock uncertainty            0.259     2.286    
    SLICE_X49Y46         FDCE (Hold_fdce_C_D)         0.091     2.377    u_pl/fs_tog_reg
  -------------------------------------------------------------------
                         required time                         -2.377    
                         arrival time                           2.780    
  -------------------------------------------------------------------
                         slack                                  0.403    





---------------------------------------------------------------------------------------------------
From Clock:  sys_clk
  To Clock:  clkout0_1

Setup :            0  Failing Endpoints,  Worst Slack        7.046ns,  Total Violation        0.000ns
Hold  :            0  Failing Endpoints,  Worst Slack        0.507ns,  Total Violation        0.000ns
---------------------------------------------------------------------------------------------------


Max Delay Paths
--------------------------------------------------------------------------------------
Slack (MET) :             7.046ns  (required time - arrival time)
  Source:                 u_pl/u_ang/angle_reg[6]/C
                            (rising edge-triggered cell FDRE clocked by sys_clk  {rise@0.000ns fall@10.000ns period=20.000ns})
  Destination:            u_pl/u_osd/r_reg[5]/D
                            (rising edge-triggered cell FDCE clocked by clkout0_1  {rise@0.000ns fall@10.000ns period=20.000ns})
  Path Group:             clkout0_1
  Path Type:              Setup (Max at Slow Process Corner)
  Requirement:            20.000ns  (clkout0_1 rise@20.000ns - sys_clk rise@0.000ns)
  Data Path Delay:        12.652ns  (logic 3.781ns (29.884%)  route 8.871ns (70.116%))
  Logic Levels:           16  (CARRY4=3 LUT2=1 LUT3=2 LUT5=4 LUT6=6)
  Clock Path Skew:        -0.074ns (DCD - SCD + CPR)
    Destination Clock Delay (DCD):    4.433ns = ( 24.433 - 20.000 ) 
    Source Clock Delay      (SCD):    4.753ns
    Clock Pessimism Removal (CPR):    0.246ns
  Clock Uncertainty:      0.259ns  ((TSJ^2 + DJ^2)^1/2) / 2 + PE
    Total System Jitter     (TSJ):    0.071ns
    Discrete Jitter          (DJ):    0.175ns
    Phase Error              (PE):    0.165ns

    Location             Delay type                Incr(ns)  Path(ns)    Netlist Resource(s)
  -------------------------------------------------------------------    -------------------
                         (clock sys_clk rise edge)    0.000     0.000 r  
    W17                                               0.000     0.000 r  sys_clk (IN)
                         net (fo=0)                   0.000     0.000    sys_clk
    W17                  IBUF (Prop_ibuf_I_O)         1.415     1.415 r  sys_clk_IBUF_inst/O
                         net (fo=1, routed)           1.873     3.288    sys_clk_IBUF
    BUFGCTRL_X0Y4        BUFG (Prop_bufg_I_O)         0.085     3.373 r  sys_clk_IBUF_BUFG_inst/O
                         net (fo=155, routed)         1.380     4.753    u_pl/u_ang/sys_clk_IBUF_BUFG
    SLICE_X52Y53         FDRE                                         r  u_pl/u_ang/angle_reg[6]/C
  -------------------------------------------------------------------    -------------------
    SLICE_X52Y53         FDRE (Prop_fdre_C_Q)         0.379     5.132 r  u_pl/u_ang/angle_reg[6]/Q
                         net (fo=95, routed)          1.393     6.526    u_pl/u_ang/angle_reg[6]_1
    SLICE_X56Y51         LUT2 (Prop_lut2_I0_O)        0.105     6.631 r  u_pl/u_ang/g0_b4__3_i_219/O
                         net (fo=1, routed)           0.000     6.631    u_pl/u_ang/g0_b4__3_i_219_n_0
    SLICE_X56Y51         CARRY4 (Prop_carry4_S[1]_CO[3])
                                                      0.457     7.088 r  u_pl/u_ang/g0_b4__3_i_147/CO[3]
                         net (fo=1, routed)           0.000     7.088    u_pl/u_ang/g0_b4__3_i_147_n_0
    SLICE_X56Y52         CARRY4 (Prop_carry4_CI_O[1])
                                                      0.265     7.353 r  u_pl/u_ang/g0_b4__3_i_90/O[1]
                         net (fo=11, routed)          0.505     7.858    u_pl/u_ang/g0_b4__3_i_90_n_6
    SLICE_X57Y52         LUT3 (Prop_lut3_I0_O)        0.271     8.129 r  u_pl/u_ang/g0_b4__3_i_142/O
                         net (fo=2, routed)           0.695     8.824    u_pl/u_ang/g0_b4__3_i_142_n_0
    SLICE_X57Y52         LUT5 (Prop_lut5_I0_O)        0.267     9.091 r  u_pl/u_ang/g0_b4__3_i_145/O
                         net (fo=1, routed)           0.000     9.091    u_pl/u_ang/g0_b4__3_i_145_n_0
    SLICE_X57Y52         CARRY4 (Prop_carry4_S[1]_CO[2])
                                                      0.475     9.566 r  u_pl/u_ang/g0_b4__3_i_89/CO[2]
                         net (fo=3, routed)           0.324     9.890    u_pl/u_ang/g0_b4__3_i_89_n_1
    SLICE_X57Y53         LUT5 (Prop_lut5_I0_O)        0.261    10.151 r  u_pl/u_ang/g0_b4__3_i_43/O
                         net (fo=1, routed)           0.670    10.821    u_pl/u_ang/g0_b4__3_i_43_n_0
    SLICE_X58Y52         LUT6 (Prop_lut6_I3_O)        0.105    10.926 f  u_pl/u_ang/g0_b4__3_i_16/O
                         net (fo=1, routed)           0.552    11.478    u_pl/u_ang/g0_b4__3_i_16_n_0
    SLICE_X58Y52         LUT5 (Prop_lut5_I4_O)        0.105    11.583 r  u_pl/u_ang/g0_b4__3_i_6/O
                         net (fo=11, routed)          0.842    12.426    u_pl/u_ang/g0_b4__3_i_6_n_0
    SLICE_X60Y53         LUT6 (Prop_lut6_I0_O)        0.105    12.531 r  u_pl/u_ang/g0_b4__3_i_1/O
                         net (fo=31, routed)          0.837    13.368    u_pl/u_ang/g0_b4__3_i_1_n_0
    SLICE_X61Y53         LUT5 (Prop_lut5_I0_O)        0.119    13.487 r  u_pl/u_ang/g0_b3/O
                         net (fo=1, routed)           0.794    14.281    u_pl/u_ang/g0_b3_n_0
    SLICE_X62Y53         LUT3 (Prop_lut3_I1_O)        0.288    14.569 r  u_pl/u_ang/r[7]_i_72/O
                         net (fo=1, routed)           0.666    15.236    u_pl/u_ang/r[7]_i_72_n_0
    SLICE_X62Y54         LUT6 (Prop_lut6_I5_O)        0.264    15.500 r  u_pl/u_ang/r[7]_i_44/O
                         net (fo=1, routed)           0.228    15.727    u_pl/u_ang/r[7]_i_44_n_0
    SLICE_X63Y54         LUT6 (Prop_lut6_I2_O)        0.105    15.832 r  u_pl/u_ang/r[7]_i_19/O
                         net (fo=1, routed)           0.324    16.156    u_pl/u_ang/r[7]_i_19_n_0
    SLICE_X63Y52         LUT6 (Prop_lut6_I4_O)        0.105    16.261 f  u_pl/u_ang/r[7]_i_4__0/O
                         net (fo=19, routed)          1.040    17.300    u_pl/u_ang/r[7]_i_4__0_n_0
    SLICE_X68Y44         LUT6 (Prop_lut6_I3_O)        0.105    17.405 r  u_pl/u_ang/r[5]_i_1/O
                         net (fo=1, routed)           0.000    17.405    u_pl/u_osd/r_reg[7]_0[3]
    SLICE_X68Y44         FDCE                                         r  u_pl/u_osd/r_reg[5]/D
  -------------------------------------------------------------------    -------------------

                         (clock clkout0_1 rise edge)
                                                     20.000    20.000 r  
    W17                                               0.000    20.000 r  sys_clk (IN)
                         net (fo=0)                   0.000    20.000    sys_clk
    W17                  IBUF (Prop_ibuf_I_O)         1.349    21.349 r  sys_clk_IBUF_inst/O
                         net (fo=1, routed)           1.701    23.050    sys_clk_IBUF
    BUFGCTRL_X0Y4        BUFG (Prop_bufg_I_O)         0.077    23.127 r  sys_clk_IBUF_BUFG_inst/O
                         net (fo=155, routed)         1.384    24.511    u_pl/u_clk/sys_clk_IBUF_BUFG
    MMCME2_ADV_X1Y0      MMCME2_ADV (Prop_mmcme2_adv_CLKIN1_CLKOUT0)
                                                     -2.915    21.596 r  u_pl/u_clk/u_mmcm/CLKOUT0
                         net (fo=1, routed)           1.454    23.050    u_pl/u_clk/clkout0
    BUFGCTRL_X0Y1        BUFG (Prop_bufg_I_O)         0.077    23.127 r  u_pl/u_clk/u_bufg_pix/O
                         net (fo=1011, routed)        1.306    24.433    u_pl/u_osd/clk_pix
    SLICE_X68Y44         FDCE                                         r  u_pl/u_osd/r_reg[5]/C
                         clock pessimism              0.246    24.679    
                         clock uncertainty           -0.259    24.420    
    SLICE_X68Y44         FDCE (Setup_fdce_C_D)        0.032    24.452    u_pl/u_osd/r_reg[5]
  -------------------------------------------------------------------
                         required time                         24.452    
                         arrival time                         -17.405    
  -------------------------------------------------------------------
                         slack                                  7.046    





Min Delay Paths
--------------------------------------------------------------------------------------
Slack (MET) :             0.507ns  (arrival time - required time)
  Source:                 u_pl/u_ang/angle_reg[6]/C
                            (rising edge-triggered cell FDRE clocked by sys_clk  {rise@0.000ns fall@10.000ns period=20.000ns})
  Destination:            u_pl/u_fb/mem_reg_1_2/ADDRBWRADDR[4]
                            (rising edge-triggered cell RAMB36E1 clocked by clkout0_1  {rise@0.000ns fall@10.000ns period=20.000ns})
  Path Group:             clkout0_1
  Path Type:              Hold (Min at Fast Process Corner)
  Requirement:            0.000ns  (clkout0_1 rise@0.000ns - sys_clk rise@0.000ns)
  Data Path Delay:        1.263ns  (logic 0.231ns (18.295%)  route 1.032ns (81.705%))
  Logic Levels:           2  (LUT3=1 LUT5=1)
  Clock Path Skew:        0.313ns (DCD - SCD - CPR)
    Destination Clock Delay (DCD):    2.067ns
    Source Clock Delay      (SCD):    1.506ns
    Clock Pessimism Removal (CPR):    0.248ns
  Clock Uncertainty:      0.259ns  ((TSJ^2 + DJ^2)^1/2) / 2 + PE
    Total System Jitter     (TSJ):    0.071ns
    Discrete Jitter          (DJ):    0.175ns
    Phase Error              (PE):    0.165ns

    Location             Delay type                Incr(ns)  Path(ns)    Netlist Resource(s)
  -------------------------------------------------------------------    -------------------
                         (clock sys_clk rise edge)    0.000     0.000 r  
    W17                                               0.000     0.000 r  sys_clk (IN)
                         net (fo=0)                   0.000     0.000    sys_clk
    W17                  IBUF (Prop_ibuf_I_O)         0.252     0.252 r  sys_clk_IBUF_inst/O
                         net (fo=1, routed)           0.674     0.926    sys_clk_IBUF
    BUFGCTRL_X0Y4        BUFG (Prop_bufg_I_O)         0.026     0.952 r  sys_clk_IBUF_BUFG_inst/O
                         net (fo=155, routed)         0.554     1.506    u_pl/u_ang/sys_clk_IBUF_BUFG
    SLICE_X52Y53         FDRE                                         r  u_pl/u_ang/angle_reg[6]/C
  -------------------------------------------------------------------    -------------------
    SLICE_X52Y53         FDRE (Prop_fdre_C_Q)         0.141     1.647 r  u_pl/u_ang/angle_reg[6]/Q
                         net (fo=95, routed)          0.181     1.828    u_pl/u_ang/angle_reg[6]_1
    SLICE_X53Y53         LUT5 (Prop_lut5_I4_O)        0.045     1.873 r  u_pl/u_ang/angle[7]_i_3/O
                         net (fo=50, routed)          0.353     2.226    u_pl/u_rmap/mem_reg_2_4__0
    SLICE_X49Y53         LUT3 (Prop_lut3_I2_O)        0.045     2.271 r  u_pl/u_rmap/mem_reg_0_0_i_25/O
                         net (fo=25, routed)          0.497     2.768    u_pl/u_fb/ADDRBWRADDR[4]
    RAMB36_X2Y9          RAMB36E1                                     r  u_pl/u_fb/mem_reg_1_2/ADDRBWRADDR[4]
  -------------------------------------------------------------------    -------------------

                         (clock clkout0_1 rise edge)
                                                      0.000     0.000 r  
    W17                                               0.000     0.000 r  sys_clk (IN)
                         net (fo=0)                   0.000     0.000    sys_clk
    W17                  IBUF (Prop_ibuf_I_O)         0.440     0.440 r  sys_clk_IBUF_inst/O
                         net (fo=1, routed)           0.731     1.171    sys_clk_IBUF
    BUFGCTRL_X0Y4        BUFG (Prop_bufg_I_O)         0.029     1.200 r  sys_clk_IBUF_BUFG_inst/O
                         net (fo=155, routed)         0.862     2.062    u_pl/u_clk/sys_clk_IBUF_BUFG
    MMCME2_ADV_X1Y0      MMCME2_ADV (Prop_mmcme2_adv_CLKIN1_CLKOUT0)
                                                     -1.467     0.595 r  u_pl/u_clk/u_mmcm/CLKOUT0
                         net (fo=1, routed)           0.576     1.171    u_pl/u_clk/clkout0
    BUFGCTRL_X0Y1        BUFG (Prop_bufg_I_O)         0.029     1.200 r  u_pl/u_clk/u_bufg_pix/O
                         net (fo=1011, routed)        0.867     2.067    u_pl/u_fb/clk_pix
    RAMB36_X2Y9          RAMB36E1                                     r  u_pl/u_fb/mem_reg_1_2/CLKBWRCLK
                         clock pessimism             -0.248     1.819    
                         clock uncertainty            0.259     2.078    
    RAMB36_X2Y9          RAMB36E1 (Hold_ramb36e1_CLKBWRCLK_ADDRBWRADDR[4])
                                                      0.183     2.261    u_pl/u_fb/mem_reg_1_2
  -------------------------------------------------------------------
                         required time                         -2.261    
                         arrival time                           2.768    
  -------------------------------------------------------------------
                         slack                                  0.507    





